id,name,acronym,graph_id,rgb_triplet,structure_id_path,structure_set_ids
997,"root,root",['root'],1,"[255, 255, 255]",[997],[691663206]
8,"Basic cell groups and regions,grey",['grey'],1,"[191, 218, 227]","[997, 8]","[112905828, 691663206, 12, 184527634, 112905813, 114512891, 114512892]"
567,"Cerebrum,CH",['CH'],1,"[176, 240, 255]","[997, 8, 567]","[112905828, 691663206, 12, 184527634, 112905813, 114512891, 114512892]"
688,"Cerebral cortex,CTX",['CTX'],1,"[176, 255, 184]","[997, 8, 567, 688]","[112905828, 691663206, 12, 184527634, 112905813, 114512891, 114512892]"
695,"Cortical plate,CTXpl",['CTXpl'],1,"[112, 255, 112]","[997, 8, 567, 688, 695]","[112905828, 691663206, 12, 184527634, 112905813, 114512891, 114512892]"
315,"Isocortex,Isocortex",['Isocortex'],1,"[112, 255, 113]","[997, 8, 567, 688, 695, 315]","[2, 112905828, 691663206, 12, 184527634, 112905813, 687527670, 114512891, 114512892]"
184,"Frontal pole, cerebral cortex,FRP","['cerebral cortex', 'FRP']",1,"[38, 143, 69]","[997, 8, 567, 688, 695, 315, 184]","[3, 112905828, 688152357, 691663206, 687527945, 12, 184527634, 167587189, 112905813, 114512891]"
68,"Frontal pole, layer 1,FRP1","['layer 1', 'FRP1']",1,"[38, 143, 69]","[997, 8, 567, 688, 695, 315, 184, 68]","[667481440, 184527634, 12, 691663206]"
667,"Frontal pole, layer 2/3,FRP2/3","['layer 2/3', 'FRP2/3']",1,"[38, 143, 69]","[997, 8, 567, 688, 695, 315, 184, 667]","[667481441, 184527634, 12, 691663206]"
526157192,"Frontal pole, layer 5,FRP5","['layer 5', 'FRP5']",1,"[38, 143, 69]","[997, 8, 567, 688, 695, 315, 184, 526157192]","[184527634, 667481446, 691663206]"
526157196,"Frontal pole, layer 6a,FRP6a","['layer 6a', 'FRP6a']",1,"[38, 143, 69]","[997, 8, 567, 688, 695, 315, 184, 526157196]","[667481449, 184527634, 691663206]"
526322264,"Frontal pole, layer 6b,FRP6b","['layer 6b', 'FRP6b']",1,"[38, 143, 69]","[997, 8, 567, 688, 695, 315, 184, 526322264]","[667481450, 184527634, 691663206]"
500,"Somatomotor areas,MO",['MO'],1,"[31, 157, 90]","[997, 8, 567, 688, 695, 315, 500]","[3, 112905828, 691663206, 12, 184527634, 112905813, 114512891, 114512892]"
107,"Somatomotor areas, Layer 1,MO1","['Layer 1', 'MO1']",1,"[31, 157, 90]","[997, 8, 567, 688, 695, 315, 500, 107]",[]
219,"Somatomotor areas, Layer 2/3,MO2/3","['Layer 2/3', 'MO2/3']",1,"[31, 157, 90]","[997, 8, 567, 688, 695, 315, 500, 219]",[]
299,"Somatomotor areas, Layer 5,MO5","['Layer 5', 'MO5']",1,"[31, 157, 90]","[997, 8, 567, 688, 695, 315, 500, 299]",[]
644,"Somatomotor areas, Layer 6a,MO6a","['Layer 6a', 'MO6a']",1,"[31, 157, 90]","[997, 8, 567, 688, 695, 315, 500, 644]",[]
947,"Somatomotor areas, Layer 6b,MO6b","['Layer 6b', 'MO6b']",1,"[31, 157, 90]","[997, 8, 567, 688, 695, 315, 500, 947]",[]
985,"Primary motor area,MOp",['MOp'],1,"[31, 157, 90]","[997, 8, 567, 688, 695, 315, 500, 985]","[112905828, 688152357, 691663206, 687527945, 12, 184527634, 167587189, 112905813, 114512891, 114512892]"
320,"Primary motor area, Layer 1,MOp1","['Layer 1', 'MOp1']",1,"[31, 157, 90]","[997, 8, 567, 688, 695, 315, 500, 985, 320]","[667481440, 184527634, 12, 691663206]"
943,"Primary motor area, Layer 2/3,MOp2/3","['Layer 2/3', 'MOp2/3']",1,"[31, 157, 90]","[997, 8, 567, 688, 695, 315, 500, 985, 943]","[667481441, 184527634, 12, 691663206]"
648,"Primary motor area, Layer 5,MOp5","['Layer 5', 'MOp5']",1,"[31, 157, 90]","[997, 8, 567, 688, 695, 315, 500, 985, 648]","[184527634, 12, 667481446, 691663206]"
844,"Primary motor area, Layer 6a,MOp6a","['Layer 6a', 'MOp6a']",1,"[31, 157, 90]","[997, 8, 567, 688, 695, 315, 500, 985, 844]","[667481449, 184527634, 12, 691663206]"
882,"Primary motor area, Layer 6b,MOp6b","['Layer 6b', 'MOp6b']",1,"[31, 157, 90]","[997, 8, 567, 688, 695, 315, 500, 985, 882]","[667481450, 184527634, 12, 691663206]"
993,"Secondary motor area,MOs",['MOs'],1,"[31, 157, 90]","[997, 8, 567, 688, 695, 315, 500, 993]","[112905828, 688152357, 691663206, 687527945, 12, 184527634, 167587189, 114512891]"
656,"Secondary motor area, layer 1,MOs1","['layer 1', 'MOs1']",1,"[31, 157, 90]","[997, 8, 567, 688, 695, 315, 500, 993, 656]","[667481440, 184527634, 12, 691663206]"
962,"Secondary motor area, layer 2/3,MOs2/3","['layer 2/3', 'MOs2/3']",1,"[31, 157, 90]","[997, 8, 567, 688, 695, 315, 500, 993, 962]","[667481441, 184527634, 12, 691663206]"
767,"Secondary motor area, layer 5,MOs5","['layer 5', 'MOs5']",1,"[31, 157, 90]","[997, 8, 567, 688, 695, 315, 500, 993, 767]","[184527634, 12, 667481446, 691663206]"
1021,"Secondary motor area, layer 6a,MOs6a","['layer 6a', 'MOs6a']",1,"[31, 157, 90]","[997, 8, 567, 688, 695, 315, 500, 993, 1021]","[667481449, 184527634, 12, 691663206]"
1085,"Secondary motor area, layer 6b,MOs6b","['layer 6b', 'MOs6b']",1,"[31, 157, 90]","[997, 8, 567, 688, 695, 315, 500, 993, 1085]","[184527634, 12, 667481450, 691663206]"
453,"Somatosensory areas,SS",['SS'],1,"[24, 128, 100]","[997, 8, 567, 688, 695, 315, 453]","[3, 112905828, 691663206, 10, 12, 184527634, 112905813, 114512891, 114512892]"
12993,"Somatosensory areas, layer 1,SS1","['layer 1', 'SS1']",1,"[24, 128, 100]","[997, 8, 567, 688, 695, 315, 453, 12993]",[]
12994,"Somatosensory areas, layer 2/3,SS2/3","['layer 2/3', 'SS2/3']",1,"[24, 128, 100]","[997, 8, 567, 688, 695, 315, 453, 12994]",[]
12995,"Somatosensory areas, layer 4,SS4","['layer 4', 'SS4']",1,"[24, 128, 100]","[997, 8, 567, 688, 695, 315, 453, 12995]",[]
12996,"Somatosensory areas, layer 5,SS5","['layer 5', 'SS5']",1,"[24, 128, 100]","[997, 8, 567, 688, 695, 315, 453, 12996]",[]
12997,"Somatosensory areas, layer 6a,SS6a","['layer 6a', 'SS6a']",1,"[24, 128, 100]","[997, 8, 567, 688, 695, 315, 453, 12997]",[]
12998,"Somatosensory areas, layer 6b,SS6b","['layer 6b', 'SS6b']",1,"[24, 128, 100]","[997, 8, 567, 688, 695, 315, 453, 12998]",[]
322,"Primary somatosensory area,SSp",['SSp'],1,"[24, 128, 100]","[997, 8, 567, 688, 695, 315, 453, 322]","[112905828, 691663206, 12, 184527634, 112905813, 114512891, 114512892]"
793,"Primary somatosensory area, layer 1,SSp1","['layer 1', 'SSp1']",1,"[24, 128, 100]","[997, 8, 567, 688, 695, 315, 453, 322, 793]",[]
346,"Primary somatosensory area, layer 2/3,SSp2/3","['layer 2/3', 'SSp2/3']",1,"[24, 128, 100]","[997, 8, 567, 688, 695, 315, 453, 322, 346]",[]
865,"Primary somatosensory area, layer 4,SSp4","['layer 4', 'SSp4']",1,"[24, 128, 100]","[997, 8, 567, 688, 695, 315, 453, 322, 865]",[]
921,"Primary somatosensory area, layer 5,SSp5","['layer 5', 'SSp5']",1,"[24, 128, 100]","[997, 8, 567, 688, 695, 315, 453, 322, 921]",[]
686,"Primary somatosensory area, layer 6a,SSp6a","['layer 6a', 'SSp6a']",1,"[24, 128, 100]","[997, 8, 567, 688, 695, 315, 453, 322, 686]",[]
719,"Primary somatosensory area, layer 6b,SSp6b","['layer 6b', 'SSp6b']",1,"[24, 128, 100]","[997, 8, 567, 688, 695, 315, 453, 322, 719]",[]
353,"Primary somatosensory area, nose,SSp-n","['nose', 'SSp-n']",1,"[24, 128, 100]","[997, 8, 567, 688, 695, 315, 453, 322, 353]","[112905828, 688152357, 691663206, 687527945, 12, 184527634, 167587189, 114512891]"
558,"Primary somatosensory area, nose, layer 1,SSp-n1","['nose', 'layer 1', 'SSp-n1']",1,"[24, 128, 100]","[997, 8, 567, 688, 695, 315, 453, 322, 353, 558]","[667481440, 184527634, 12, 691663206]"
838,"Primary somatosensory area, nose, layer 2/3,SSp-n2/3","['nose', 'layer 2/3', 'SSp-n2/3']",1,"[24, 128, 100]","[997, 8, 567, 688, 695, 315, 453, 322, 353, 838]","[667481441, 184527634, 12, 691663206]"
654,"Primary somatosensory area, nose, layer 4,SSp-n4","['nose', 'layer 4', 'SSp-n4']",1,"[24, 128, 100]","[997, 8, 567, 688, 695, 315, 453, 322, 353, 654]","[184527634, 12, 667481445, 691663206]"
702,"Primary somatosensory area, nose, layer 5,SSp-n5","['nose', 'layer 5', 'SSp-n5']",1,"[24, 128, 100]","[997, 8, 567, 688, 695, 315, 453, 322, 353, 702]","[184527634, 12, 667481446, 691663206]"
889,"Primary somatosensory area, nose, layer 6a,SSp-n6a","['nose', 'layer 6a', 'SSp-n6a']",1,"[24, 128, 100]","[997, 8, 567, 688, 695, 315, 453, 322, 353, 889]","[667481449, 184527634, 12, 691663206]"
929,"Primary somatosensory area, nose, layer 6b,SSp-n6b","['nose', 'layer 6b', 'SSp-n6b']",1,"[24, 128, 100]","[997, 8, 567, 688, 695, 315, 453, 322, 353, 929]","[184527634, 12, 667481450, 691663206]"
329,"Primary somatosensory area, barrel field,SSp-bfd","['barrel field', 'SSp-bfd']",1,"[24, 128, 100]","[997, 8, 567, 688, 695, 315, 453, 322, 329]","[112905828, 688152357, 691663206, 687527945, 12, 184527634, 112905813, 167587189, 114512891, 114512892]"
981,"Primary somatosensory area, barrel field, layer 1,SSp-bfd1","['barrel field', 'layer 1', 'SSp-bfd1']",1,"[24, 128, 100]","[997, 8, 567, 688, 695, 315, 453, 322, 329, 981]","[667481440, 184527634, 12, 691663206]"
201,"Primary somatosensory area, barrel field, layer 2/3,SSp-bfd2/3","['barrel field', 'layer 2/3', 'SSp-bfd2/3']",1,"[24, 128, 100]","[997, 8, 567, 688, 695, 315, 453, 322, 329, 201]","[667481441, 184527634, 12, 691663206]"
1047,"Primary somatosensory area, barrel field, layer 4,SSp-bfd4","['barrel field', 'layer 4', 'SSp-bfd4']",1,"[24, 128, 100]","[997, 8, 567, 688, 695, 315, 453, 322, 329, 1047]","[184527634, 12, 667481445, 691663206]"
1070,"Primary somatosensory area, barrel field, layer 5,SSp-bfd5","['barrel field', 'layer 5', 'SSp-bfd5']",1,"[24, 128, 100]","[997, 8, 567, 688, 695, 315, 453, 322, 329, 1070]","[184527634, 12, 667481446, 691663206]"
1038,"Primary somatosensory area, barrel field, layer 6a,SSp-bfd6a","['barrel field', 'layer 6a', 'SSp-bfd6a']",1,"[24, 128, 100]","[997, 8, 567, 688, 695, 315, 453, 322, 329, 1038]","[667481449, 184527634, 12, 691663206]"
1062,"Primary somatosensory area, barrel field, layer 6b,SSp-bfd6b","['barrel field', 'layer 6b', 'SSp-bfd6b']",1,"[24, 128, 100]","[997, 8, 567, 688, 695, 315, 453, 322, 329, 1062]","[667481450, 184527634, 12, 691663206]"
480149202,"Rostrolateral lateral visual area,VISrll",['VISrll'],1,"[24, 128, 100]","[997, 8, 567, 688, 695, 315, 453, 322, 329, 480149202]",[]
480149206,"Rostrolateral lateral visual area, layer 1,VISrll1","['layer 1', 'VISrll1']",1,"[24, 128, 100]","[997, 8, 567, 688, 695, 315, 453, 322, 329, 480149202, 480149206]",[]
480149210,"Rostrolateral lateral visual area, layer 2/3,VISrll2/3","['layer 2/3', 'VISrll2/3']",1,"[24, 128, 100]","[997, 8, 567, 688, 695, 315, 453, 322, 329, 480149202, 480149210]",[]
480149214,"Rostrolateral lateral visual area, layer 4,VISrll4","['layer 4', 'VISrll4']",1,"[24, 128, 100]","[997, 8, 567, 688, 695, 315, 453, 322, 329, 480149202, 480149214]",[]
480149218,"Rostrolateral lateral visual area,layer 5,VISrll5","['layer 5', 'VISrll5']",1,"[24, 128, 100]","[997, 8, 567, 688, 695, 315, 453, 322, 329, 480149202, 480149218]",[]
480149222,"Rostrolateral lateral visual area, layer 6a,VISrll6a","['layer 6a', 'VISrll6a']",1,"[24, 128, 100]","[997, 8, 567, 688, 695, 315, 453, 322, 329, 480149202, 480149222]",[]
480149226,"Rostrolateral lateral visual area, layer 6b,VISrll6b","['layer 6b', 'VISrll6b']",1,"[24, 128, 100]","[997, 8, 567, 688, 695, 315, 453, 322, 329, 480149202, 480149226]",[]
337,"Primary somatosensory area, lower limb,SSp-ll","['lower limb', 'SSp-ll']",1,"[24, 128, 100]","[997, 8, 567, 688, 695, 315, 453, 322, 337]","[112905828, 688152357, 691663206, 687527945, 12, 184527634, 167587189, 114512891]"
1030,"Primary somatosensory area, lower limb, layer 1,SSp-ll1","['lower limb', 'layer 1', 'SSp-ll1']",1,"[24, 128, 100]","[997, 8, 567, 688, 695, 315, 453, 322, 337, 1030]","[667481440, 184527634, 12, 691663206]"
113,"Primary somatosensory area, lower limb, layer 2/3,SSp-ll2/3","['lower limb', 'layer 2/3', 'SSp-ll2/3']",1,"[24, 128, 100]","[997, 8, 567, 688, 695, 315, 453, 322, 337, 113]","[667481441, 184527634, 12, 691663206]"
1094,"Primary somatosensory area, lower limb, layer 4,SSp-ll4","['lower limb', 'layer 4', 'SSp-ll4']",1,"[24, 128, 100]","[997, 8, 567, 688, 695, 315, 453, 322, 337, 1094]","[184527634, 12, 667481445, 691663206]"
1128,"Primary somatosensory area, lower limb, layer 5,SSp-ll5","['lower limb', 'layer 5', 'SSp-ll5']",1,"[24, 128, 100]","[997, 8, 567, 688, 695, 315, 453, 322, 337, 1128]","[184527634, 12, 667481446, 691663206]"
478,"Primary somatosensory area, lower limb, layer 6a,SSp-ll6a","['lower limb', 'layer 6a', 'SSp-ll6a']",1,"[24, 128, 100]","[997, 8, 567, 688, 695, 315, 453, 322, 337, 478]","[667481449, 184527634, 12, 691663206]"
510,"Primary somatosensory area, lower limb, layer 6b,SSp-ll6b","['lower limb', 'layer 6b', 'SSp-ll6b']",1,"[24, 128, 100]","[997, 8, 567, 688, 695, 315, 453, 322, 337, 510]","[667481450, 184527634, 12, 691663206]"
345,"Primary somatosensory area, mouth,SSp-m","['mouth', 'SSp-m']",1,"[24, 128, 100]","[997, 8, 567, 688, 695, 315, 453, 322, 345]","[112905828, 688152357, 691663206, 687527945, 12, 184527634, 167587189, 114512891]"
878,"Primary somatosensory area, mouth, layer 1,SSp-m1","['mouth', 'layer 1', 'SSp-m1']",1,"[24, 128, 100]","[997, 8, 567, 688, 695, 315, 453, 322, 345, 878]","[667481440, 184527634, 12, 691663206]"
657,"Primary somatosensory area, mouth, layer 2/3,SSp-m2/3","['mouth', 'layer 2/3', 'SSp-m2/3']",1,"[24, 128, 100]","[997, 8, 567, 688, 695, 315, 453, 322, 345, 657]","[667481441, 184527634, 12, 691663206]"
950,"Primary somatosensory area, mouth, layer 4,SSp-m4","['mouth', 'layer 4', 'SSp-m4']",1,"[24, 128, 100]","[997, 8, 567, 688, 695, 315, 453, 322, 345, 950]","[184527634, 12, 667481445, 691663206]"
974,"Primary somatosensory area, mouth, layer 5,SSp-m5","['mouth', 'layer 5', 'SSp-m5']",1,"[24, 128, 100]","[997, 8, 567, 688, 695, 315, 453, 322, 345, 974]","[184527634, 12, 667481446, 691663206]"
1102,"Primary somatosensory area, mouth, layer 6a,SSp-m6a","['mouth', 'layer 6a', 'SSp-m6a']",1,"[24, 128, 100]","[997, 8, 567, 688, 695, 315, 453, 322, 345, 1102]","[667481449, 184527634, 12, 691663206]"
2,"Primary somatosensory area, mouth, layer 6b,SSp-m6b","['mouth', 'layer 6b', 'SSp-m6b']",1,"[24, 128, 100]","[997, 8, 567, 688, 695, 315, 453, 322, 345, 2]","[667481450, 184527634, 12, 691663206]"
369,"Primary somatosensory area, upper limb,SSp-ul","['upper limb', 'SSp-ul']",1,"[24, 128, 100]","[997, 8, 567, 688, 695, 315, 453, 322, 369]","[112905828, 688152357, 691663206, 687527945, 12, 184527634, 167587189, 114512891]"
450,"Primary somatosensory area, upper limb, layer 1,SSp-ul1","['upper limb', 'layer 1', 'SSp-ul1']",1,"[24, 128, 100]","[997, 8, 567, 688, 695, 315, 453, 322, 369, 450]","[667481440, 184527634, 12, 691663206]"
854,"Primary somatosensory area, upper limb, layer 2/3,SSp-ul2/3","['upper limb', 'layer 2/3', 'SSp-ul2/3']",1,"[24, 128, 100]","[997, 8, 567, 688, 695, 315, 453, 322, 369, 854]","[667481441, 184527634, 12, 691663206]"
577,"Primary somatosensory area, upper limb, layer 4,SSp-ul4","['upper limb', 'layer 4', 'SSp-ul4']",1,"[24, 128, 100]","[997, 8, 567, 688, 695, 315, 453, 322, 369, 577]","[184527634, 12, 667481445, 691663206]"
625,"Primary somatosensory area, upper limb, layer 5,SSp-ul5","['upper limb', 'layer 5', 'SSp-ul5']",1,"[24, 128, 100]","[997, 8, 567, 688, 695, 315, 453, 322, 369, 625]","[184527634, 12, 667481446, 691663206]"
945,"Primary somatosensory area, upper limb, layer 6a,SSp-ul6a","['upper limb', 'layer 6a', 'SSp-ul6a']",1,"[24, 128, 100]","[997, 8, 567, 688, 695, 315, 453, 322, 369, 945]","[667481449, 184527634, 12, 691663206]"
1026,"Primary somatosensory area, upper limb, layer 6b,SSp-ul6b","['upper limb', 'layer 6b', 'SSp-ul6b']",1,"[24, 128, 100]","[997, 8, 567, 688, 695, 315, 453, 322, 369, 1026]","[667481450, 184527634, 12, 691663206]"
361,"Primary somatosensory area, trunk,SSp-tr","['trunk', 'SSp-tr']",1,"[24, 128, 100]","[997, 8, 567, 688, 695, 315, 453, 322, 361]","[112905828, 688152357, 691663206, 687527945, 12, 184527634, 112905813, 167587189, 114512891, 114512892]"
1006,"Primary somatosensory area, trunk, layer 1,SSp-tr1","['trunk', 'layer 1', 'SSp-tr1']",1,"[24, 128, 100]","[997, 8, 567, 688, 695, 315, 453, 322, 361, 1006]","[667481440, 184527634, 12, 691663206]"
670,"Primary somatosensory area, trunk, layer 2/3,SSp-tr2/3","['trunk', 'layer 2/3', 'SSp-tr2/3']",1,"[24, 128, 100]","[997, 8, 567, 688, 695, 315, 453, 322, 361, 670]","[667481441, 184527634, 12, 691663206]"
1086,"Primary somatosensory area, trunk, layer 4,SSp-tr4","['trunk', 'layer 4', 'SSp-tr4']",1,"[24, 128, 100]","[997, 8, 567, 688, 695, 315, 453, 322, 361, 1086]","[184527634, 12, 667481445, 691663206]"
1111,"Primary somatosensory area, trunk, layer 5,SSp-tr5","['trunk', 'layer 5', 'SSp-tr5']",1,"[24, 128, 100]","[997, 8, 567, 688, 695, 315, 453, 322, 361, 1111]","[184527634, 12, 667481446, 691663206]"
9,"Primary somatosensory area, trunk, layer 6a,SSp-tr6a","['trunk', 'layer 6a', 'SSp-tr6a']",1,"[24, 128, 100]","[997, 8, 567, 688, 695, 315, 453, 322, 361, 9]","[667481449, 184527634, 12, 691663206]"
461,"Primary somatosensory area, trunk, layer 6b,SSp-tr6b","['trunk', 'layer 6b', 'SSp-tr6b']",1,"[24, 128, 100]","[997, 8, 567, 688, 695, 315, 453, 322, 361, 461]","[667481450, 184527634, 12, 691663206]"
182305689,"Primary somatosensory area, unassigned,SSp-un","['unassigned', 'SSp-un']",1,"[24, 128, 100]","[997, 8, 567, 688, 695, 315, 453, 322, 182305689]","[112905828, 688152357, 691663206, 687527945, 12, 184527634, 167587189, 114512891]"
182305693,"Primary somatosensory area, unassigned, layer 1,SSp-un1","['unassigned', 'layer 1', 'SSp-un1']",1,"[24, 128, 100]","[997, 8, 567, 688, 695, 315, 453, 322, 182305689, 182305693]","[667481440, 184527634, 12, 691663206]"
182305697,"Primary somatosensory area, unassigned, layer 2/3,SSp-un2/3","['unassigned', 'layer 2/3', 'SSp-un2/3']",1,"[24, 128, 100]","[997, 8, 567, 688, 695, 315, 453, 322, 182305689, 182305697]","[667481441, 184527634, 12, 691663206]"
182305701,"Primary somatosensory area, unassigned, layer 4,SSp-un4","['unassigned', 'layer 4', 'SSp-un4']",1,"[24, 128, 100]","[997, 8, 567, 688, 695, 315, 453, 322, 182305689, 182305701]","[184527634, 12, 667481445, 691663206]"
182305705,"Primary somatosensory area, unassigned, layer 5,SSp-un5","['unassigned', 'layer 5', 'SSp-un5']",1,"[24, 128, 100]","[997, 8, 567, 688, 695, 315, 453, 322, 182305689, 182305705]","[667481446, 184527634, 12, 691663206]"
182305709,"Primary somatosensory area, unassigned, layer 6a,SSp-un6a","['unassigned', 'layer 6a', 'SSp-un6a']",1,"[24, 128, 100]","[997, 8, 567, 688, 695, 315, 453, 322, 182305689, 182305709]","[667481449, 184527634, 12, 691663206]"
182305713,"Primary somatosensory area, unassigned, layer 6b,SSp-un6b","['unassigned', 'layer 6b', 'SSp-un6b']",1,"[24, 128, 100]","[997, 8, 567, 688, 695, 315, 453, 322, 182305689, 182305713]","[667481450, 184527634, 12, 691663206]"
378,"Supplemental somatosensory area,SSs",['SSs'],1,"[24, 128, 100]","[997, 8, 567, 688, 695, 315, 453, 378]","[112905828, 688152357, 691663206, 687527945, 12, 184527634, 167587189, 114512891]"
873,"Supplemental somatosensory area, layer 1,SSs1","['layer 1', 'SSs1']",1,"[24, 128, 100]","[997, 8, 567, 688, 695, 315, 453, 378, 873]","[667481440, 184527634, 12, 691663206]"
806,"Supplemental somatosensory area, layer 2/3,SSs2/3","['layer 2/3', 'SSs2/3']",1,"[24, 128, 100]","[997, 8, 567, 688, 695, 315, 453, 378, 806]","[667481441, 184527634, 12, 691663206]"
1035,"Supplemental somatosensory area, layer 4,SSs4","['layer 4', 'SSs4']",1,"[24, 128, 100]","[997, 8, 567, 688, 695, 315, 453, 378, 1035]","[184527634, 12, 667481445, 691663206]"
1090,"Supplemental somatosensory area, layer 5,SSs5","['layer 5', 'SSs5']",1,"[24, 128, 100]","[997, 8, 567, 688, 695, 315, 453, 378, 1090]","[184527634, 12, 667481446, 691663206]"
862,"Supplemental somatosensory area, layer 6a,SSs6a","['layer 6a', 'SSs6a']",1,"[24, 128, 100]","[997, 8, 567, 688, 695, 315, 453, 378, 862]","[667481449, 184527634, 12, 691663206]"
893,"Supplemental somatosensory area, layer 6b,SSs6b","['layer 6b', 'SSs6b']",1,"[24, 128, 100]","[997, 8, 567, 688, 695, 315, 453, 378, 893]","[184527634, 12, 667481450, 691663206]"
1057,"Gustatory areas,GU",['GU'],1,"[0, 156, 117]","[997, 8, 567, 688, 695, 315, 1057]","[3, 112905828, 688152357, 691663206, 687527945, 12, 184527634, 167587189, 114512891]"
36,"Gustatory areas, layer 1,GU1","['layer 1', 'GU1']",1,"[0, 156, 117]","[997, 8, 567, 688, 695, 315, 1057, 36]","[667481440, 184527634, 12, 691663206]"
180,"Gustatory areas, layer 2/3,GU2/3","['layer 2/3', 'GU2/3']",1,"[0, 156, 117]","[997, 8, 567, 688, 695, 315, 1057, 180]","[667481441, 184527634, 12, 691663206]"
148,"Gustatory areas, layer 4,GU4","['layer 4', 'GU4']",1,"[0, 156, 117]","[997, 8, 567, 688, 695, 315, 1057, 148]","[184527634, 12, 667481445, 691663206]"
187,"Gustatory areas, layer 5,GU5","['layer 5', 'GU5']",1,"[0, 156, 117]","[997, 8, 567, 688, 695, 315, 1057, 187]","[184527634, 12, 667481446, 691663206]"
638,"Gustatory areas, layer 6a,GU6a","['layer 6a', 'GU6a']",1,"[0, 156, 117]","[997, 8, 567, 688, 695, 315, 1057, 638]","[667481449, 184527634, 12, 691663206]"
662,"Gustatory areas, layer 6b,GU6b","['layer 6b', 'GU6b']",1,"[0, 156, 117]","[997, 8, 567, 688, 695, 315, 1057, 662]","[184527634, 12, 667481450, 691663206]"
677,"Visceral area,VISC",['VISC'],1,"[17, 173, 131]","[997, 8, 567, 688, 695, 315, 677]","[3, 112905828, 688152357, 691663206, 687527945, 12, 184527634, 167587189, 114512891]"
897,"Visceral area, layer 1,VISC1","['layer 1', 'VISC1']",1,"[17, 173, 131]","[997, 8, 567, 688, 695, 315, 677, 897]","[667481440, 184527634, 12, 691663206]"
1106,"Visceral area, layer 2/3,VISC2/3","['layer 2/3', 'VISC2/3']",1,"[17, 173, 131]","[997, 8, 567, 688, 695, 315, 677, 1106]","[667481441, 184527634, 12, 691663206]"
1010,"Visceral area, layer 4,VISC4","['layer 4', 'VISC4']",1,"[17, 173, 131]","[997, 8, 567, 688, 695, 315, 677, 1010]","[184527634, 12, 667481445, 691663206]"
1058,"Visceral area, layer 5,VISC5","['layer 5', 'VISC5']",1,"[17, 173, 131]","[997, 8, 567, 688, 695, 315, 677, 1058]","[184527634, 12, 667481446, 691663206]"
857,"Visceral area, layer 6a,VISC6a","['layer 6a', 'VISC6a']",1,"[17, 173, 131]","[997, 8, 567, 688, 695, 315, 677, 857]","[667481449, 184527634, 12, 691663206]"
849,"Visceral area, layer 6b,VISC6b","['layer 6b', 'VISC6b']",1,"[17, 173, 131]","[997, 8, 567, 688, 695, 315, 677, 849]","[184527634, 12, 667481450, 691663206]"
247,"Auditory areas,AUD",['AUD'],1,"[1, 147, 153]","[997, 8, 567, 688, 695, 315, 247]","[3, 112905828, 691663206, 12, 184527634, 114512891]"
1011,"Dorsal auditory area,AUDd",['AUDd'],1,"[1, 147, 153]","[997, 8, 567, 688, 695, 315, 247, 1011]","[112905828, 688152357, 691663206, 687527945, 12, 184527634, 167587189, 114512891]"
527,"Dorsal auditory area, layer 1,AUDd1","['layer 1', 'AUDd1']",1,"[1, 147, 153]","[997, 8, 567, 688, 695, 315, 247, 1011, 527]","[667481440, 184527634, 12, 691663206]"
600,"Dorsal auditory area, layer 2/3,AUDd2/3","['layer 2/3', 'AUDd2/3']",1,"[1, 147, 153]","[997, 8, 567, 688, 695, 315, 247, 1011, 600]","[667481441, 184527634, 12, 691663206]"
678,"Dorsal auditory area, layer 4,AUDd4","['layer 4', 'AUDd4']",1,"[1, 147, 153]","[997, 8, 567, 688, 695, 315, 247, 1011, 678]","[184527634, 12, 667481445, 691663206]"
252,"Dorsal auditory area, layer 5,AUDd5","['layer 5', 'AUDd5']",1,"[1, 147, 153]","[997, 8, 567, 688, 695, 315, 247, 1011, 252]","[184527634, 12, 667481446, 691663206]"
156,"Dorsal auditory area, layer 6a,AUDd6a","['layer 6a', 'AUDd6a']",1,"[1, 147, 153]","[997, 8, 567, 688, 695, 315, 247, 1011, 156]","[667481449, 184527634, 12, 691663206]"
243,"Dorsal auditory area, layer 6b,AUDd6b","['layer 6b', 'AUDd6b']",1,"[1, 147, 153]","[997, 8, 567, 688, 695, 315, 247, 1011, 243]","[667481450, 184527634, 12, 691663206]"
480149230,"Laterolateral anterior visual area,VISlla",['VISlla'],1,"[1, 147, 153]","[997, 8, 567, 688, 695, 315, 247, 1011, 480149230]",[]
480149234,"Laterolateral anterior visual area, layer 1,VISlla1","['layer 1', 'VISlla1']",1,"[1, 147, 153]","[997, 8, 567, 688, 695, 315, 247, 1011, 480149230, 480149234]",[]
480149238,"Laterolateral anterior visual area, layer 2/3,VISlla2/3","['layer 2/3', 'VISlla2/3']",1,"[1, 147, 153]","[997, 8, 567, 688, 695, 315, 247, 1011, 480149230, 480149238]",[]
480149242,"Laterolateral anterior visual area, layer 4,VISlla4","['layer 4', 'VISlla4']",1,"[1, 147, 153]","[997, 8, 567, 688, 695, 315, 247, 1011, 480149230, 480149242]",[]
480149246,"Laterolateral anterior visual area,layer 5,VISlla5","['layer 5', 'VISlla5']",1,"[1, 147, 153]","[997, 8, 567, 688, 695, 315, 247, 1011, 480149230, 480149246]",[]
480149250,"Laterolateral anterior visual area, layer 6a,VISlla6a","['layer 6a', 'VISlla6a']",1,"[1, 147, 153]","[997, 8, 567, 688, 695, 315, 247, 1011, 480149230, 480149250]",[]
480149254,"Laterolateral anterior visual area, layer 6b,VISlla6b","['layer 6b', 'VISlla6b']",1,"[1, 147, 153]","[997, 8, 567, 688, 695, 315, 247, 1011, 480149230, 480149254]",[]
1002,"Primary auditory area,AUDp",['AUDp'],1,"[1, 147, 153]","[997, 8, 567, 688, 695, 315, 247, 1002]","[112905828, 688152357, 691663206, 687527945, 12, 184527634, 167587189, 114512891]"
735,"Primary auditory area, layer 1,AUDp1","['layer 1', 'AUDp1']",1,"[1, 147, 153]","[997, 8, 567, 688, 695, 315, 247, 1002, 735]","[667481440, 184527634, 12, 691663206]"
251,"Primary auditory area, layer 2/3,AUDp2/3","['layer 2/3', 'AUDp2/3']",1,"[1, 147, 153]","[997, 8, 567, 688, 695, 315, 247, 1002, 251]","[667481441, 184527634, 12, 691663206]"
816,"Primary auditory area, layer 4,AUDp4","['layer 4', 'AUDp4']",1,"[1, 147, 153]","[997, 8, 567, 688, 695, 315, 247, 1002, 816]","[184527634, 12, 667481445, 691663206]"
847,"Primary auditory area, layer 5,AUDp5","['layer 5', 'AUDp5']",1,"[1, 147, 153]","[997, 8, 567, 688, 695, 315, 247, 1002, 847]","[184527634, 12, 667481446, 691663206]"
954,"Primary auditory area, layer 6a,AUDp6a","['layer 6a', 'AUDp6a']",1,"[1, 147, 153]","[997, 8, 567, 688, 695, 315, 247, 1002, 954]","[667481449, 184527634, 12, 691663206]"
1005,"Primary auditory area, layer 6b,AUDp6b","['layer 6b', 'AUDp6b']",1,"[1, 147, 153]","[997, 8, 567, 688, 695, 315, 247, 1002, 1005]","[667481450, 184527634, 12, 691663206]"
1027,"Posterior auditory area,AUDpo",['AUDpo'],1,"[1, 147, 153]","[997, 8, 567, 688, 695, 315, 247, 1027]","[112905828, 688152357, 691663206, 687527945, 12, 184527634, 167587189, 114512891]"
696,"Posterior auditory area, layer 1,AUDpo1","['layer 1', 'AUDpo1']",1,"[1, 147, 153]","[997, 8, 567, 688, 695, 315, 247, 1027, 696]","[667481440, 184527634, 12, 691663206]"
643,"Posterior auditory area, layer 2/3,AUDpo2/3","['layer 2/3', 'AUDpo2/3']",1,"[1, 147, 153]","[997, 8, 567, 688, 695, 315, 247, 1027, 643]","[667481441, 184527634, 12, 691663206]"
759,"Posterior auditory area, layer 4,AUDpo4","['layer 4', 'AUDpo4']",1,"[1, 147, 153]","[997, 8, 567, 688, 695, 315, 247, 1027, 759]","[184527634, 12, 667481445, 691663206]"
791,"Posterior auditory area, layer 5,AUDpo5","['layer 5', 'AUDpo5']",1,"[1, 147, 153]","[997, 8, 567, 688, 695, 315, 247, 1027, 791]","[184527634, 12, 667481446, 691663206]"
249,"Posterior auditory area, layer 6a,AUDpo6a","['layer 6a', 'AUDpo6a']",1,"[1, 147, 153]","[997, 8, 567, 688, 695, 315, 247, 1027, 249]","[667481449, 184527634, 12, 691663206]"
456,"Posterior auditory area, layer 6b,AUDpo6b","['layer 6b', 'AUDpo6b']",1,"[1, 147, 153]","[997, 8, 567, 688, 695, 315, 247, 1027, 456]","[184527634, 667481450, 691663206]"
1018,"Ventral auditory area,AUDv",['AUDv'],1,"[1, 147, 153]","[997, 8, 567, 688, 695, 315, 247, 1018]","[112905828, 688152357, 691663206, 687527945, 12, 184527634, 167587189, 114512891]"
959,"Ventral auditory area, layer 1,AUDv1","['layer 1', 'AUDv1']",1,"[1, 147, 153]","[997, 8, 567, 688, 695, 315, 247, 1018, 959]","[667481440, 184527634, 12, 691663206]"
755,"Ventral auditory area, layer 2/3,AUDv2/3","['layer 2/3', 'AUDv2/3']",1,"[1, 147, 153]","[997, 8, 567, 688, 695, 315, 247, 1018, 755]","[667481441, 184527634, 12, 691663206]"
990,"Ventral auditory area, layer 4,AUDv4","['layer 4', 'AUDv4']",1,"[1, 147, 153]","[997, 8, 567, 688, 695, 315, 247, 1018, 990]","[184527634, 12, 667481445, 691663206]"
1023,"Ventral auditory area, layer 5,AUDv5","['layer 5', 'AUDv5']",1,"[1, 147, 153]","[997, 8, 567, 688, 695, 315, 247, 1018, 1023]","[184527634, 12, 667481446, 691663206]"
520,"Ventral auditory area, layer 6a,AUDv6a","['layer 6a', 'AUDv6a']",1,"[1, 147, 153]","[997, 8, 567, 688, 695, 315, 247, 1018, 520]","[667481449, 184527634, 12, 691663206]"
598,"Ventral auditory area, layer 6b,AUDv6b","['layer 6b', 'AUDv6b']",1,"[1, 147, 153]","[997, 8, 567, 688, 695, 315, 247, 1018, 598]","[667481450, 184527634, 12, 691663206]"
669,"Visual areas,VIS",['VIS'],1,"[8, 133, 140]","[997, 8, 567, 688, 695, 315, 669]","[3, 112905828, 691663206, 12, 184527634, 112905813, 114512891, 114512892]"
801,"Visual areas, layer 1,VIS1","['layer 1', 'VIS1']",1,"[8, 133, 140]","[997, 8, 567, 688, 695, 315, 669, 801]",[]
561,"Visual areas, layer 2/3,VIS2/3","['layer 2/3', 'VIS2/3']",1,"[8, 133, 140]","[997, 8, 567, 688, 695, 315, 669, 561]",[]
913,"Visual areas, layer 4,VIS4","['layer 4', 'VIS4']",1,"[8, 133, 140]","[997, 8, 567, 688, 695, 315, 669, 913]",[]
937,"Visual areas, layer 5,VIS5","['layer 5', 'VIS5']",1,"[8, 133, 140]","[997, 8, 567, 688, 695, 315, 669, 937]",[]
457,"Visual areas, layer 6a,VIS6a","['layer 6a', 'VIS6a']",1,"[8, 133, 140]","[997, 8, 567, 688, 695, 315, 669, 457]",[]
497,"Visual areas, layer 6b,VIS6b","['layer 6b', 'VIS6b']",1,"[8, 133, 140]","[997, 8, 567, 688, 695, 315, 669, 497]",[]
402,"Anterolateral visual area,VISal",['VISal'],1,"[8, 133, 140]","[997, 8, 567, 688, 695, 315, 669, 402]","[396673091, 112905828, 688152357, 691663206, 687527945, 12, 184527634, 514166994, 167587189, 114512891]"
1074,"Anterolateral visual area, layer 1,VISal1","['layer 1', 'VISal1']",1,"[8, 133, 140]","[997, 8, 567, 688, 695, 315, 669, 402, 1074]","[667481440, 396673091, 691663206, 12, 184527634]"
905,"Anterolateral visual area, layer 2/3,VISal2/3","['layer 2/3', 'VISal2/3']",1,"[8, 133, 140]","[997, 8, 567, 688, 695, 315, 669, 402, 905]","[667481441, 396673091, 691663206, 12, 184527634]"
1114,"Anterolateral visual area, layer 4,VISal4","['layer 4', 'VISal4']",1,"[8, 133, 140]","[997, 8, 567, 688, 695, 315, 669, 402, 1114]","[396673091, 667481445, 691663206, 12, 184527634]"
233,"Anterolateral visual area, layer 5,VISal5","['layer 5', 'VISal5']",1,"[8, 133, 140]","[997, 8, 567, 688, 695, 315, 669, 402, 233]","[396673091, 691663206, 667481446, 12, 184527634]"
601,"Anterolateral visual area, layer 6a,VISal6a","['layer 6a', 'VISal6a']",1,"[8, 133, 140]","[997, 8, 567, 688, 695, 315, 669, 402, 601]","[396673091, 691663206, 667481449, 12, 184527634]"
649,"Anterolateral visual area, layer 6b,VISal6b","['layer 6b', 'VISal6b']",1,"[8, 133, 140]","[997, 8, 567, 688, 695, 315, 669, 402, 649]","[396673091, 691663206, 667481450, 12, 184527634]"
394,"Anteromedial visual area,VISam",['VISam'],1,"[8, 133, 140]","[997, 8, 567, 688, 695, 315, 669, 394]","[396673091, 112905828, 688152357, 691663206, 687527945, 12, 184527634, 514166994, 167587189, 114512891]"
281,"Anteromedial visual area, layer 1,VISam1","['layer 1', 'VISam1']",1,"[8, 133, 140]","[997, 8, 567, 688, 695, 315, 669, 394, 281]","[667481440, 396673091, 691663206, 12, 184527634]"
1066,"Anteromedial visual area, layer 2/3,VISam2/3","['layer 2/3', 'VISam2/3']",1,"[8, 133, 140]","[997, 8, 567, 688, 695, 315, 669, 394, 1066]","[667481441, 396673091, 691663206, 12, 184527634]"
401,"Anteromedial visual area, layer 4,VISam4","['layer 4', 'VISam4']",1,"[8, 133, 140]","[997, 8, 567, 688, 695, 315, 669, 394, 401]","[396673091, 667481445, 691663206, 12, 184527634]"
433,"Anteromedial visual area, layer 5,VISam5","['layer 5', 'VISam5']",1,"[8, 133, 140]","[997, 8, 567, 688, 695, 315, 669, 394, 433]","[396673091, 691663206, 667481446, 12, 184527634]"
1046,"Anteromedial visual area, layer 6a,VISam6a","['layer 6a', 'VISam6a']",1,"[8, 133, 140]","[997, 8, 567, 688, 695, 315, 669, 394, 1046]","[396673091, 691663206, 667481449, 12, 184527634]"
441,"Anteromedial visual area, layer 6b,VISam6b","['layer 6b', 'VISam6b']",1,"[8, 133, 140]","[997, 8, 567, 688, 695, 315, 669, 394, 441]","[396673091, 691663206, 667481450, 12, 184527634]"
409,"Lateral visual area,VISl",['VISl'],1,"[8, 133, 140]","[997, 8, 567, 688, 695, 315, 669, 409]","[396673091, 112905828, 688152357, 691663206, 687527945, 12, 184527634, 514166994, 167587189, 114512891]"
421,"Lateral visual area, layer 1,VISl1","['layer 1', 'VISl1']",1,"[8, 133, 140]","[997, 8, 567, 688, 695, 315, 669, 409, 421]","[667481440, 396673091, 691663206, 12, 184527634]"
973,"Lateral visual area, layer 2/3,VISl2/3","['layer 2/3', 'VISl2/3']",1,"[8, 133, 140]","[997, 8, 567, 688, 695, 315, 669, 409, 973]","[667481441, 396673091, 691663206, 12, 184527634]"
573,"Lateral visual area, layer 4,VISl4","['layer 4', 'VISl4']",1,"[8, 133, 140]","[997, 8, 567, 688, 695, 315, 669, 409, 573]","[396673091, 667481445, 691663206, 12, 184527634]"
613,"Lateral visual area, layer 5,VISl5","['layer 5', 'VISl5']",1,"[8, 133, 140]","[997, 8, 567, 688, 695, 315, 669, 409, 613]","[396673091, 667481446, 691663206, 12, 184527634]"
74,"Lateral visual area, layer 6a,VISl6a","['layer 6a', 'VISl6a']",1,"[8, 133, 140]","[997, 8, 567, 688, 695, 315, 669, 409, 74]","[396673091, 691663206, 667481449, 12, 184527634]"
121,"Lateral visual area, layer 6b,VISl6b","['layer 6b', 'VISl6b']",1,"[8, 133, 140]","[997, 8, 567, 688, 695, 315, 669, 409, 121]","[396673091, 691663206, 667481450, 12, 184527634]"
385,"Primary visual area,VISp",['VISp'],1,"[8, 133, 140]","[997, 8, 567, 688, 695, 315, 669, 385]","[396673091, 112905828, 688152357, 691663206, 687527945, 12, 184527634, 514166994, 112905813, 167587189, 114512891, 114512892]"
593,"Primary visual area, layer 1,VISp1","['layer 1', 'VISp1']",1,"[8, 133, 140]","[997, 8, 567, 688, 695, 315, 669, 385, 593]","[667481440, 396673091, 691663206, 12, 184527634]"
821,"Primary visual area, layer 2/3,VISp2/3","['layer 2/3', 'VISp2/3']",1,"[8, 133, 140]","[997, 8, 567, 688, 695, 315, 669, 385, 821]","[667481441, 396673091, 691663206, 12, 184527634]"
721,"Primary visual area, layer 4,VISp4","['layer 4', 'VISp4']",1,"[8, 133, 140]","[997, 8, 567, 688, 695, 315, 669, 385, 721]","[396673091, 667481445, 691663206, 12, 184527634]"
778,"Primary visual area, layer 5,VISp5","['layer 5', 'VISp5']",1,"[8, 133, 140]","[997, 8, 567, 688, 695, 315, 669, 385, 778]","[396673091, 691663206, 667481446, 12, 184527634]"
33,"Primary visual area, layer 6a,VISp6a","['layer 6a', 'VISp6a']",1,"[8, 133, 140]","[997, 8, 567, 688, 695, 315, 669, 385, 33]","[396673091, 691663206, 667481449, 12, 184527634]"
305,"Primary visual area, layer 6b,VISp6b","['layer 6b', 'VISp6b']",1,"[8, 133, 140]","[997, 8, 567, 688, 695, 315, 669, 385, 305]","[396673091, 691663206, 667481450, 12, 184527634]"
425,"Posterolateral visual area,VISpl",['VISpl'],1,"[8, 133, 140]","[997, 8, 567, 688, 695, 315, 669, 425]","[396673091, 112905828, 688152357, 691663206, 687527945, 12, 184527634, 167587189, 114512891]"
750,"Posterolateral visual area, layer 1,VISpl1","['layer 1', 'VISpl1']",1,"[8, 133, 140]","[997, 8, 567, 688, 695, 315, 669, 425, 750]","[667481440, 396673091, 691663206, 12, 184527634]"
269,"Posterolateral visual area, layer 2/3,VISpl2/3","['layer 2/3', 'VISpl2/3']",1,"[8, 133, 140]","[997, 8, 567, 688, 695, 315, 669, 425, 269]","[667481441, 396673091, 691663206, 12, 184527634]"
869,"Posterolateral visual area, layer 4,VISpl4","['layer 4', 'VISpl4']",1,"[8, 133, 140]","[997, 8, 567, 688, 695, 315, 669, 425, 869]","[396673091, 667481445, 691663206, 12, 184527634]"
902,"Posterolateral visual area, layer 5,VISpl5","['layer 5', 'VISpl5']",1,"[8, 133, 140]","[997, 8, 567, 688, 695, 315, 669, 425, 902]","[396673091, 667481446, 691663206, 12, 184527634]"
377,"Posterolateral visual area, layer 6a,VISpl6a","['layer 6a', 'VISpl6a']",1,"[8, 133, 140]","[997, 8, 567, 688, 695, 315, 669, 425, 377]","[396673091, 691663206, 667481449, 12, 184527634]"
393,"Posterolateral visual area, layer 6b,VISpl6b","['layer 6b', 'VISpl6b']",1,"[8, 133, 140]","[997, 8, 567, 688, 695, 315, 669, 425, 393]","[396673091, 691663206, 667481450, 12, 184527634]"
533,"posteromedial visual area,VISpm",['VISpm'],1,"[8, 133, 140]","[997, 8, 567, 688, 695, 315, 669, 533]","[396673091, 112905828, 688152357, 691663206, 687527945, 12, 184527634, 514166994, 112905813, 167587189, 114512891]"
805,"posteromedial visual area, layer 1,VISpm1","['layer 1', 'VISpm1']",1,"[8, 133, 140]","[997, 8, 567, 688, 695, 315, 669, 533, 805]","[667481440, 396673091, 691663206, 12, 184527634]"
41,"posteromedial visual area, layer 2/3,VISpm2/3","['layer 2/3', 'VISpm2/3']",1,"[8, 133, 140]","[997, 8, 567, 688, 695, 315, 669, 533, 41]","[667481441, 396673091, 691663206, 12, 184527634]"
501,"posteromedial visual area, layer 4,VISpm4","['layer 4', 'VISpm4']",1,"[8, 133, 140]","[997, 8, 567, 688, 695, 315, 669, 533, 501]","[396673091, 667481445, 691663206, 12, 184527634]"
565,"posteromedial visual area, layer 5,VISpm5","['layer 5', 'VISpm5']",1,"[8, 133, 140]","[997, 8, 567, 688, 695, 315, 669, 533, 565]","[396673091, 691663206, 667481446, 12, 184527634]"
257,"posteromedial visual area, layer 6a,VISpm6a","['layer 6a', 'VISpm6a']",1,"[8, 133, 140]","[997, 8, 567, 688, 695, 315, 669, 533, 257]","[396673091, 691663206, 667481449, 12, 184527634]"
469,"posteromedial visual area, layer 6b,VISpm6b","['layer 6b', 'VISpm6b']",1,"[8, 133, 140]","[997, 8, 567, 688, 695, 315, 669, 533, 469]","[396673091, 691663206, 667481450, 12, 184527634]"
312782574,"Laterointermediate area,VISli",['VISli'],1,"[8, 133, 140]","[997, 8, 567, 688, 695, 315, 669, 312782574]","[396673091, 112905828, 688152357, 691663206, 687527945, 184527634, 514166994, 167587189, 114512891]"
312782578,"Laterointermediate area, layer 1,VISli1","['layer 1', 'VISli1']",1,"[8, 133, 140]","[997, 8, 567, 688, 695, 315, 669, 312782574, 312782578]","[667481440, 184527634, 396673091, 691663206]"
312782582,"Laterointermediate area, layer 2/3,VISli2/3","['layer 2/3', 'VISli2/3']",1,"[8, 133, 140]","[997, 8, 567, 688, 695, 315, 669, 312782574, 312782582]","[667481441, 184527634, 396673091, 691663206]"
312782586,"Laterointermediate area, layer 4,VISli4","['layer 4', 'VISli4']",1,"[8, 133, 140]","[997, 8, 567, 688, 695, 315, 669, 312782574, 312782586]","[184527634, 396673091, 667481445, 691663206]"
312782590,"Laterointermediate area, layer 5,VISli5","['layer 5', 'VISli5']",1,"[8, 133, 140]","[997, 8, 567, 688, 695, 315, 669, 312782574, 312782590]","[184527634, 396673091, 667481446, 691663206]"
312782594,"Laterointermediate area, layer 6a,VISli6a","['layer 6a', 'VISli6a']",1,"[8, 133, 140]","[997, 8, 567, 688, 695, 315, 669, 312782574, 312782594]","[667481449, 184527634, 396673091, 691663206]"
312782598,"Laterointermediate area, layer 6b,VISli6b","['layer 6b', 'VISli6b']",1,"[8, 133, 140]","[997, 8, 567, 688, 695, 315, 669, 312782574, 312782598]","[184527634, 396673091, 667481450, 691663206]"
312782628,"Postrhinal area,VISpor",['VISpor'],1,"[8, 133, 140]","[997, 8, 567, 688, 695, 315, 669, 312782628]","[396673091, 112905828, 688152357, 691663206, 687527945, 184527634, 167587189, 114512891]"
312782632,"Postrhinal area, layer 1,VISpor1","['layer 1', 'VISpor1']",1,"[8, 133, 140]","[997, 8, 567, 688, 695, 315, 669, 312782628, 312782632]","[667481440, 184527634, 396673091, 691663206]"
312782636,"Postrhinal area, layer 2/3,VISpor2/3","['layer 2/3', 'VISpor2/3']",1,"[8, 133, 140]","[997, 8, 567, 688, 695, 315, 669, 312782628, 312782636]","[667481441, 184527634, 396673091, 691663206]"
312782640,"Postrhinal area, layer 4,VISpor4","['layer 4', 'VISpor4']",1,"[8, 133, 140]","[997, 8, 567, 688, 695, 315, 669, 312782628, 312782640]","[184527634, 396673091, 667481445, 691663206]"
312782644,"Postrhinal area, layer 5,VISpor5","['layer 5', 'VISpor5']",1,"[8, 133, 140]","[997, 8, 567, 688, 695, 315, 669, 312782628, 312782644]","[184527634, 396673091, 667481446, 691663206]"
312782648,"Postrhinal area, layer 6a,VISpor6a","['layer 6a', 'VISpor6a']",1,"[8, 133, 140]","[997, 8, 567, 688, 695, 315, 669, 312782628, 312782648]","[667481449, 184527634, 396673091, 691663206]"
312782652,"Postrhinal area, layer 6b,VISpor6b","['layer 6b', 'VISpor6b']",1,"[8, 133, 140]","[997, 8, 567, 688, 695, 315, 669, 312782628, 312782652]","[184527634, 396673091, 667481450, 691663206]"
31,"Anterior cingulate area,ACA",['ACA'],1,"[64, 166, 102]","[997, 8, 567, 688, 695, 315, 31]","[3, 112905828, 691663206, 12, 184527634, 114512891]"
572,"Anterior cingulate area, layer 1,ACA1","['layer 1', 'ACA1']",1,"[64, 166, 102]","[997, 8, 567, 688, 695, 315, 31, 572]",[]
1053,"Anterior cingulate area, layer 2/3,ACA2/3","['layer 2/3', 'ACA2/3']",1,"[64, 166, 102]","[997, 8, 567, 688, 695, 315, 31, 1053]",[]
739,"Anterior cingulate area, layer 5,ACA5","['layer 5', 'ACA5']",1,"[64, 166, 102]","[997, 8, 567, 688, 695, 315, 31, 739]",[]
179,"Anterior cingulate area, layer 6a,ACA6a","['layer 6a', 'ACA6a']",1,"[64, 166, 102]","[997, 8, 567, 688, 695, 315, 31, 179]",[]
227,"Anterior cingulate area, layer 6b,ACA6b","['layer 6b', 'ACA6b']",1,"[64, 166, 102]","[997, 8, 567, 688, 695, 315, 31, 227]",[]
39,"Anterior cingulate area, dorsal part,ACAd","['dorsal part', 'ACAd']",1,"[64, 166, 102]","[997, 8, 567, 688, 695, 315, 31, 39]","[112905828, 688152357, 691663206, 687527945, 12, 184527634, 167587189, 114512891]"
935,"Anterior cingulate area, dorsal part, layer 1,ACAd1","['dorsal part', 'layer 1', 'ACAd1']",1,"[64, 166, 102]","[997, 8, 567, 688, 695, 315, 31, 39, 935]","[667481440, 184527634, 12, 691663206]"
211,"Anterior cingulate area, dorsal part, layer 2/3,ACAd2/3","['dorsal part', 'layer 2/3', 'ACAd2/3']",1,"[64, 166, 102]","[997, 8, 567, 688, 695, 315, 31, 39, 211]","[667481441, 184527634, 12, 691663206]"
1015,"Anterior cingulate area, dorsal part, layer 5,ACAd5","['dorsal part', 'layer 5', 'ACAd5']",1,"[64, 166, 102]","[997, 8, 567, 688, 695, 315, 31, 39, 1015]","[184527634, 12, 667481446, 691663206]"
919,"Anterior cingulate area, dorsal part, layer 6a,ACAd6a","['dorsal part', 'layer 6a', 'ACAd6a']",1,"[64, 166, 102]","[997, 8, 567, 688, 695, 315, 31, 39, 919]","[667481449, 184527634, 12, 691663206]"
927,"Anterior cingulate area, dorsal part, layer 6b,ACAd6b","['dorsal part', 'layer 6b', 'ACAd6b']",1,"[64, 166, 102]","[997, 8, 567, 688, 695, 315, 31, 39, 927]","[667481450, 184527634, 12, 691663206]"
48,"Anterior cingulate area, ventral part,ACAv","['ventral part', 'ACAv']",1,"[64, 166, 102]","[997, 8, 567, 688, 695, 315, 31, 48]","[112905828, 688152357, 691663206, 687527945, 12, 184527634, 167587189, 114512891]"
588,"Anterior cingulate area, ventral part, layer 1,ACAv1","['ventral part', 'layer 1', 'ACAv1']",1,"[64, 166, 102]","[997, 8, 567, 688, 695, 315, 31, 48, 588]","[667481440, 184527634, 12, 691663206]"
296,"Anterior cingulate area, ventral part, layer 2/3,ACAv2/3","['ventral part', 'layer 2/3', 'ACAv2/3']",1,"[64, 166, 102]","[997, 8, 567, 688, 695, 315, 31, 48, 296]","[667481441, 184527634, 12, 691663206]"
772,"Anterior cingulate area, ventral part, layer 5,ACAv5","['ventral part', 'layer 5', 'ACAv5']",1,"[64, 166, 102]","[997, 8, 567, 688, 695, 315, 31, 48, 772]","[184527634, 12, 667481446, 691663206]"
810,"Anterior cingulate area, ventral part, 6a,ACAv6a","['ventral part', '6a', 'ACAv6a']",1,"[64, 166, 102]","[997, 8, 567, 688, 695, 315, 31, 48, 810]","[667481449, 184527634, 12, 691663206]"
819,"Anterior cingulate area, ventral part, 6b,ACAv6b","['ventral part', '6b', 'ACAv6b']",1,"[64, 166, 102]","[997, 8, 567, 688, 695, 315, 31, 48, 819]","[667481450, 184527634, 12, 691663206]"
972,"Prelimbic area,PL",['PL'],1,"[47, 168, 80]","[997, 8, 567, 688, 695, 315, 972]","[3, 112905828, 688152357, 691663206, 687527945, 12, 184527634, 167587189, 114512891]"
171,"Prelimbic area, layer 1,PL1","['layer 1', 'PL1']",1,"[47, 168, 80]","[997, 8, 567, 688, 695, 315, 972, 171]","[667481440, 184527634, 12, 691663206]"
195,"Prelimbic area, layer 2,PL2","['layer 2', 'PL2']",1,"[47, 168, 80]","[997, 8, 567, 688, 695, 315, 972, 195]",[12]
304,"Prelimbic area, layer 2/3,PL2/3","['layer 2/3', 'PL2/3']",1,"[47, 168, 80]","[997, 8, 567, 688, 695, 315, 972, 304]","[667481441, 184527634, 12, 691663206]"
363,"Prelimbic area, layer 5,PL5","['layer 5', 'PL5']",1,"[47, 168, 80]","[997, 8, 567, 688, 695, 315, 972, 363]","[184527634, 12, 667481446, 691663206]"
84,"Prelimbic area, layer 6a,PL6a","['layer 6a', 'PL6a']",1,"[47, 168, 80]","[997, 8, 567, 688, 695, 315, 972, 84]","[667481449, 184527634, 12, 691663206]"
132,"Prelimbic area, layer 6b,PL6b","['layer 6b', 'PL6b']",1,"[47, 168, 80]","[997, 8, 567, 688, 695, 315, 972, 132]","[667481450, 184527634, 12, 691663206]"
44,"Infralimbic area,ILA",['ILA'],1,"[89, 179, 99]","[997, 8, 567, 688, 695, 315, 44]","[3, 112905828, 688152357, 691663206, 687527945, 12, 184527634, 167587189, 114512891]"
707,"Infralimbic area, layer 1,ILA1","['layer 1', 'ILA1']",1,"[89, 179, 99]","[997, 8, 567, 688, 695, 315, 44, 707]","[667481440, 184527634, 12, 691663206]"
747,"Infralimbic area, layer 2,ILA2","['layer 2', 'ILA2']",1,"[89, 179, 99]","[997, 8, 567, 688, 695, 315, 44, 747]",[12]
556,"Infralimbic area, layer 2/3,ILA2/3","['layer 2/3', 'ILA2/3']",1,"[89, 179, 99]","[997, 8, 567, 688, 695, 315, 44, 556]","[667481441, 184527634, 12, 691663206]"
827,"Infralimbic area, layer 5,ILA5","['layer 5', 'ILA5']",1,"[89, 179, 99]","[997, 8, 567, 688, 695, 315, 44, 827]","[184527634, 12, 667481446, 691663206]"
1054,"Infralimbic area, layer 6a,ILA6a","['layer 6a', 'ILA6a']",1,"[89, 179, 99]","[997, 8, 567, 688, 695, 315, 44, 1054]","[667481449, 184527634, 12, 691663206]"
1081,"Infralimbic area, layer 6b,ILA6b","['layer 6b', 'ILA6b']",1,"[89, 179, 99]","[997, 8, 567, 688, 695, 315, 44, 1081]","[184527634, 12, 667481450, 691663206]"
714,"Orbital area,ORB",['ORB'],1,"[36, 138, 94]","[997, 8, 567, 688, 695, 315, 714]","[3, 112905828, 691663206, 12, 184527634, 114512891]"
264,"Orbital area, layer 1,ORB1","['layer 1', 'ORB1']",1,"[36, 138, 94]","[997, 8, 567, 688, 695, 315, 714, 264]",[]
492,"Orbital area, layer 2/3,ORB2/3","['layer 2/3', 'ORB2/3']",1,"[36, 138, 94]","[997, 8, 567, 688, 695, 315, 714, 492]",[]
352,"Orbital area, layer 5,ORB5","['layer 5', 'ORB5']",1,"[36, 138, 94]","[997, 8, 567, 688, 695, 315, 714, 352]",[]
476,"Orbital area, layer 6a,ORB6a","['layer 6a', 'ORB6a']",1,"[36, 138, 94]","[997, 8, 567, 688, 695, 315, 714, 476]",[]
516,"Orbital area, layer 6b,ORB6b","['layer 6b', 'ORB6b']",1,"[36, 138, 94]","[997, 8, 567, 688, 695, 315, 714, 516]",[]
723,"Orbital area, lateral part,ORBl","['lateral part', 'ORBl']",1,"[36, 138, 94]","[997, 8, 567, 688, 695, 315, 714, 723]","[112905828, 688152357, 691663206, 687527945, 12, 184527634, 167587189, 114512891]"
448,"Orbital area, lateral part, layer 1,ORBl1","['lateral part', 'layer 1', 'ORBl1']",1,"[36, 138, 94]","[997, 8, 567, 688, 695, 315, 714, 723, 448]","[667481440, 184527634, 12, 691663206]"
412,"Orbital area, lateral part, layer 2/3,ORBl2/3","['lateral part', 'layer 2/3', 'ORBl2/3']",1,"[36, 138, 94]","[997, 8, 567, 688, 695, 315, 714, 723, 412]","[667481441, 184527634, 12, 691663206]"
630,"Orbital area, lateral part, layer 5,ORBl5","['lateral part', 'layer 5', 'ORBl5']",1,"[36, 138, 94]","[997, 8, 567, 688, 695, 315, 714, 723, 630]","[184527634, 12, 667481446, 691663206]"
440,"Orbital area, lateral part, layer 6a,ORBl6a","['lateral part', 'layer 6a', 'ORBl6a']",1,"[36, 138, 94]","[997, 8, 567, 688, 695, 315, 714, 723, 440]","[667481449, 184527634, 12, 691663206]"
488,"Orbital area, lateral part, layer 6b,ORBl6b","['lateral part', 'layer 6b', 'ORBl6b']",1,"[36, 138, 94]","[997, 8, 567, 688, 695, 315, 714, 723, 488]","[184527634, 667481450, 691663206]"
731,"Orbital area, medial part,ORBm","['medial part', 'ORBm']",1,"[36, 138, 94]","[997, 8, 567, 688, 695, 315, 714, 731]","[112905828, 688152357, 691663206, 687527945, 12, 184527634, 167587189, 114512891]"
484,"Orbital area, medial part, layer 1,ORBm1","['medial part', 'layer 1', 'ORBm1']",1,"[36, 138, 94]","[997, 8, 567, 688, 695, 315, 714, 731, 484]","[667481440, 184527634, 12, 691663206]"
524,"Orbital area, medial part, layer 2,ORBm2","['medial part', 'layer 2', 'ORBm2']",1,"[36, 138, 94]","[997, 8, 567, 688, 695, 315, 714, 731, 524]",[12]
582,"Orbital area, medial part, layer 2/3,ORBm2/3","['medial part', 'layer 2/3', 'ORBm2/3']",1,"[36, 138, 94]","[997, 8, 567, 688, 695, 315, 714, 731, 582]","[667481441, 184527634, 12, 691663206]"
620,"Orbital area, medial part, layer 5,ORBm5","['medial part', 'layer 5', 'ORBm5']",1,"[36, 138, 94]","[997, 8, 567, 688, 695, 315, 714, 731, 620]","[184527634, 12, 667481446, 691663206]"
910,"Orbital area, medial part, layer 6a,ORBm6a","['medial part', 'layer 6a', 'ORBm6a']",1,"[36, 138, 94]","[997, 8, 567, 688, 695, 315, 714, 731, 910]","[667481449, 184527634, 12, 691663206]"
527696977,"Orbital area, medial part, layer 6b,ORBm6b","['medial part', 'layer 6b', 'ORBm6b']",1,"[36, 138, 94]","[997, 8, 567, 688, 695, 315, 714, 731, 527696977]","[667481450, 184527634, 691663206]"
738,"Orbital area, ventral part,ORBv","['ventral part', 'ORBv']",1,"[36, 138, 94]","[997, 8, 567, 688, 695, 315, 714, 738]",[]
746,"Orbital area, ventrolateral part,ORBvl","['ventrolateral part', 'ORBvl']",1,"[36, 138, 94]","[997, 8, 567, 688, 695, 315, 714, 746]","[112905828, 688152357, 691663206, 687527945, 12, 184527634, 167587189, 114512891]"
969,"Orbital area, ventrolateral part, layer 1,ORBvl1","['ventrolateral part', 'layer 1', 'ORBvl1']",1,"[36, 138, 94]","[997, 8, 567, 688, 695, 315, 714, 746, 969]","[667481440, 184527634, 12, 691663206]"
288,"Orbital area, ventrolateral part, layer 2/3,ORBvl2/3","['ventrolateral part', 'layer 2/3', 'ORBvl2/3']",1,"[36, 138, 94]","[997, 8, 567, 688, 695, 315, 714, 746, 288]","[667481441, 184527634, 12, 691663206]"
1125,"Orbital area, ventrolateral part, layer 5,ORBvl5","['ventrolateral part', 'layer 5', 'ORBvl5']",1,"[36, 138, 94]","[997, 8, 567, 688, 695, 315, 714, 746, 1125]","[184527634, 12, 667481446, 691663206]"
608,"Orbital area, ventrolateral part, layer 6a,ORBvl6a","['ventrolateral part', 'layer 6a', 'ORBvl6a']",1,"[36, 138, 94]","[997, 8, 567, 688, 695, 315, 714, 746, 608]","[667481449, 184527634, 12, 691663206]"
680,"Orbital area, ventrolateral part, layer 6b,ORBvl6b","['ventrolateral part', 'layer 6b', 'ORBvl6b']",1,"[36, 138, 94]","[997, 8, 567, 688, 695, 315, 714, 746, 680]","[667481450, 184527634, 691663206]"
95,"Agranular insular area,AI",['AI'],1,"[33, 152, 102]","[997, 8, 567, 688, 695, 315, 95]","[3, 112905828, 691663206, 12, 184527634, 114512891]"
104,"Agranular insular area, dorsal part,AId","['dorsal part', 'AId']",1,"[33, 152, 102]","[997, 8, 567, 688, 695, 315, 95, 104]","[112905828, 688152357, 691663206, 687527945, 12, 184527634, 167587189, 114512891]"
996,"Agranular insular area, dorsal part, layer 1,AId1","['dorsal part', 'layer 1', 'AId1']",1,"[33, 152, 102]","[997, 8, 567, 688, 695, 315, 95, 104, 996]","[667481440, 184527634, 12, 691663206]"
328,"Agranular insular area, dorsal part, layer 2/3,AId2/3","['dorsal part', 'layer 2/3', 'AId2/3']",1,"[33, 152, 102]","[997, 8, 567, 688, 695, 315, 95, 104, 328]","[667481441, 184527634, 12, 691663206]"
1101,"Agranular insular area, dorsal part, layer 5,AId5","['dorsal part', 'layer 5', 'AId5']",1,"[33, 152, 102]","[997, 8, 567, 688, 695, 315, 95, 104, 1101]","[184527634, 12, 667481446, 691663206]"
783,"Agranular insular area, dorsal part, layer 6a,AId6a","['dorsal part', 'layer 6a', 'AId6a']",1,"[33, 152, 102]","[997, 8, 567, 688, 695, 315, 95, 104, 783]","[667481449, 184527634, 12, 691663206]"
831,"Agranular insular area, dorsal part, layer 6b,AId6b","['dorsal part', 'layer 6b', 'AId6b']",1,"[33, 152, 102]","[997, 8, 567, 688, 695, 315, 95, 104, 831]","[184527634, 667481450, 691663206]"
111,"Agranular insular area, posterior part,AIp","['posterior part', 'AIp']",1,"[33, 152, 102]","[997, 8, 567, 688, 695, 315, 95, 111]","[112905828, 688152357, 691663206, 687527945, 12, 184527634, 167587189, 114512891]"
120,"Agranular insular area, posterior part, layer 1,AIp1","['posterior part', 'layer 1', 'AIp1']",1,"[33, 152, 102]","[997, 8, 567, 688, 695, 315, 95, 111, 120]","[667481440, 184527634, 12, 691663206]"
163,"Agranular insular area, posterior part, layer 2/3,AIp2/3","['posterior part', 'layer 2/3', 'AIp2/3']",1,"[33, 152, 102]","[997, 8, 567, 688, 695, 315, 95, 111, 163]","[667481441, 184527634, 12, 691663206]"
344,"Agranular insular area, posterior part, layer 5,AIp5","['posterior part', 'layer 5', 'AIp5']",1,"[33, 152, 102]","[997, 8, 567, 688, 695, 315, 95, 111, 344]","[184527634, 12, 667481446, 691663206]"
314,"Agranular insular area, posterior part, layer 6a,AIp6a","['posterior part', 'layer 6a', 'AIp6a']",1,"[33, 152, 102]","[997, 8, 567, 688, 695, 315, 95, 111, 314]","[667481449, 184527634, 12, 691663206]"
355,"Agranular insular area, posterior part, layer 6b,AIp6b","['posterior part', 'layer 6b', 'AIp6b']",1,"[33, 152, 102]","[997, 8, 567, 688, 695, 315, 95, 111, 355]","[184527634, 667481450, 691663206]"
119,"Agranular insular area, ventral part,AIv","['ventral part', 'AIv']",1,"[33, 152, 102]","[997, 8, 567, 688, 695, 315, 95, 119]","[112905828, 688152357, 691663206, 687527945, 12, 184527634, 167587189, 114512891]"
704,"Agranular insular area, ventral part, layer 1,AIv1","['ventral part', 'layer 1', 'AIv1']",1,"[33, 152, 102]","[997, 8, 567, 688, 695, 315, 95, 119, 704]","[667481440, 184527634, 12, 691663206]"
694,"Agranular insular area, ventral part, layer 2/3,AIv2/3","['ventral part', 'layer 2/3', 'AIv2/3']",1,"[33, 152, 102]","[997, 8, 567, 688, 695, 315, 95, 119, 694]","[667481441, 184527634, 12, 691663206]"
800,"Agranular insular area, ventral part, layer 5,AIv5","['ventral part', 'layer 5', 'AIv5']",1,"[33, 152, 102]","[997, 8, 567, 688, 695, 315, 95, 119, 800]","[667481446, 184527634, 12, 691663206]"
675,"Agranular insular area, ventral part, layer 6a,AIv6a","['ventral part', 'layer 6a', 'AIv6a']",1,"[33, 152, 102]","[997, 8, 567, 688, 695, 315, 95, 119, 675]","[667481449, 184527634, 12, 691663206]"
699,"Agranular insular area, ventral part, layer 6b,AIv6b","['ventral part', 'layer 6b', 'AIv6b']",1,"[33, 152, 102]","[997, 8, 567, 688, 695, 315, 95, 119, 699]","[184527634, 667481450, 691663206]"
254,"Retrosplenial area,RSP",['RSP'],1,"[26, 166, 152]","[997, 8, 567, 688, 695, 315, 254]","[3, 112905828, 691663206, 10, 12, 184527634, 112905813, 114512891]"
894,"Retrosplenial area, lateral agranular part,RSPagl","['lateral agranular part', 'RSPagl']",1,"[26, 166, 152]","[997, 8, 567, 688, 695, 315, 254, 894]","[112905828, 688152357, 691663206, 687527945, 12, 184527634, 167587189, 112905813, 114512891]"
671,"Retrosplenial area, lateral agranular part, layer 1,RSPagl1","['lateral agranular part', 'layer 1', 'RSPagl1']",1,"[26, 166, 152]","[997, 8, 567, 688, 695, 315, 254, 894, 671]","[667481440, 184527634, 12, 691663206]"
965,"Retrosplenial area, lateral agranular part, layer 2/3,RSPagl2/3","['lateral agranular part', 'layer 2/3', 'RSPagl2/3']",1,"[26, 166, 152]","[997, 8, 567, 688, 695, 315, 254, 894, 965]","[667481441, 184527634, 12, 691663206]"
774,"Retrosplenial area, lateral agranular part, layer 5,RSPagl5","['lateral agranular part', 'layer 5', 'RSPagl5']",1,"[26, 166, 152]","[997, 8, 567, 688, 695, 315, 254, 894, 774]","[184527634, 12, 667481446, 691663206]"
906,"Retrosplenial area, lateral agranular part, layer 6a,RSPagl6a","['lateral agranular part', 'layer 6a', 'RSPagl6a']",1,"[26, 166, 152]","[997, 8, 567, 688, 695, 315, 254, 894, 906]","[667481449, 184527634, 12, 691663206]"
279,"Retrosplenial area, lateral agranular part, layer 6b,RSPagl6b","['lateral agranular part', 'layer 6b', 'RSPagl6b']",1,"[26, 166, 152]","[997, 8, 567, 688, 695, 315, 254, 894, 279]","[184527634, 12, 667481450, 691663206]"
480149258,"Mediomedial anterior visual area,VISmma",['VISmma'],1,"[26, 166, 152]","[997, 8, 567, 688, 695, 315, 254, 894, 480149258]",[]
480149262,"Mediomedial anterior visual area, layer 1,VISmma1","['layer 1', 'VISmma1']",1,"[26, 166, 152]","[997, 8, 567, 688, 695, 315, 254, 894, 480149258, 480149262]",[]
480149266,"Mediomedial anterior visual area, layer 2/3,VISmma2/3","['layer 2/3', 'VISmma2/3']",1,"[26, 166, 152]","[997, 8, 567, 688, 695, 315, 254, 894, 480149258, 480149266]",[]
480149270,"Mediomedial anterior visual area, layer 4,VISmma4","['layer 4', 'VISmma4']",1,"[26, 166, 152]","[997, 8, 567, 688, 695, 315, 254, 894, 480149258, 480149270]",[]
480149274,"Mediomedial anterior visual area,layer 5,VISmma5","['layer 5', 'VISmma5']",1,"[26, 166, 152]","[997, 8, 567, 688, 695, 315, 254, 894, 480149258, 480149274]",[]
480149278,"Mediomedial anterior visual area, layer 6a,VISmma6a","['layer 6a', 'VISmma6a']",1,"[26, 166, 152]","[997, 8, 567, 688, 695, 315, 254, 894, 480149258, 480149278]",[]
480149282,"Mediomedial anterior visual area, layer 6b,VISmma6b","['layer 6b', 'VISmma6b']",1,"[26, 166, 152]","[997, 8, 567, 688, 695, 315, 254, 894, 480149258, 480149282]",[]
480149286,"Mediomedial posterior visual area,VISmmp",['VISmmp'],1,"[26, 166, 152]","[997, 8, 567, 688, 695, 315, 254, 894, 480149286]",[]
480149290,"Mediomedial posterior visual area, layer 1,VISmmp1","['layer 1', 'VISmmp1']",1,"[26, 166, 152]","[997, 8, 567, 688, 695, 315, 254, 894, 480149286, 480149290]",[]
480149294,"Mediomedial posterior visual area, layer 2/3,VISmmp2/3","['layer 2/3', 'VISmmp2/3']",1,"[26, 166, 152]","[997, 8, 567, 688, 695, 315, 254, 894, 480149286, 480149294]",[]
480149298,"Mediomedial posterior visual area, layer 4,VISmmp4","['layer 4', 'VISmmp4']",1,"[26, 166, 152]","[997, 8, 567, 688, 695, 315, 254, 894, 480149286, 480149298]",[]
480149302,"Mediomedial posterior visual area,layer 5,VISmmp5","['layer 5', 'VISmmp5']",1,"[26, 166, 152]","[997, 8, 567, 688, 695, 315, 254, 894, 480149286, 480149302]",[]
480149306,"Mediomedial posterior visual area, layer 6a,VISmmp6a","['layer 6a', 'VISmmp6a']",1,"[26, 166, 152]","[997, 8, 567, 688, 695, 315, 254, 894, 480149286, 480149306]",[]
480149310,"Mediomedial posterior visual area, layer 6b,VISmmp6b","['layer 6b', 'VISmmp6b']",1,"[26, 166, 152]","[997, 8, 567, 688, 695, 315, 254, 894, 480149286, 480149310]",[]
480149314,"Medial visual area,VISm",['VISm'],1,"[26, 166, 152]","[997, 8, 567, 688, 695, 315, 254, 894, 480149314]",[]
480149318,"Medial visual area, layer 1,VISm1","['layer 1', 'VISm1']",1,"[26, 166, 152]","[997, 8, 567, 688, 695, 315, 254, 894, 480149314, 480149318]",[]
480149322,"Medial visual area, layer 2/3,VISm2/3","['layer 2/3', 'VISm2/3']",1,"[26, 166, 152]","[997, 8, 567, 688, 695, 315, 254, 894, 480149314, 480149322]",[]
480149326,"Medial visual area, layer 4,VISm4","['layer 4', 'VISm4']",1,"[26, 166, 152]","[997, 8, 567, 688, 695, 315, 254, 894, 480149314, 480149326]",[]
480149330,"Medial visual area,layer 5,VISm5","['layer 5', 'VISm5']",1,"[26, 166, 152]","[997, 8, 567, 688, 695, 315, 254, 894, 480149314, 480149330]",[]
480149334,"Medial visual area, layer 6a,VISm6a","['layer 6a', 'VISm6a']",1,"[26, 166, 152]","[997, 8, 567, 688, 695, 315, 254, 894, 480149314, 480149334]",[]
480149338,"Medial visual area, layer 6b,VISm6b","['layer 6b', 'VISm6b']",1,"[26, 166, 152]","[997, 8, 567, 688, 695, 315, 254, 894, 480149314, 480149338]",[]
879,"Retrosplenial area, dorsal part,RSPd","['dorsal part', 'RSPd']",1,"[26, 166, 152]","[997, 8, 567, 688, 695, 315, 254, 879]","[112905828, 688152357, 691663206, 687527945, 12, 184527634, 167587189, 114512891]"
442,"Retrosplenial area, dorsal part, layer 1,RSPd1","['dorsal part', 'layer 1', 'RSPd1']",1,"[26, 166, 152]","[997, 8, 567, 688, 695, 315, 254, 879, 442]","[667481440, 184527634, 12, 691663206]"
434,"Retrosplenial area, dorsal part, layer 2/3,RSPd2/3","['dorsal part', 'layer 2/3', 'RSPd2/3']",1,"[26, 166, 152]","[997, 8, 567, 688, 695, 315, 254, 879, 434]","[667481441, 184527634, 12, 691663206]"
545,"Retrosplenial area, dorsal part, layer 4,RSPd4","['dorsal part', 'layer 4', 'RSPd4']",1,"[26, 166, 152]","[997, 8, 567, 688, 695, 315, 254, 879, 545]","[184527634, 667481445, 691663206]"
610,"Retrosplenial area, dorsal part, layer 5,RSPd5","['dorsal part', 'layer 5', 'RSPd5']",1,"[26, 166, 152]","[997, 8, 567, 688, 695, 315, 254, 879, 610]","[184527634, 12, 667481446, 691663206]"
274,"Retrosplenial area, dorsal part, layer 6a,RSPd6a","['dorsal part', 'layer 6a', 'RSPd6a']",1,"[26, 166, 152]","[997, 8, 567, 688, 695, 315, 254, 879, 274]","[667481449, 184527634, 12, 691663206]"
330,"Retrosplenial area, dorsal part, layer 6b,RSPd6b","['dorsal part', 'layer 6b', 'RSPd6b']",1,"[26, 166, 152]","[997, 8, 567, 688, 695, 315, 254, 879, 330]","[667481450, 184527634, 12, 691663206]"
886,"Retrosplenial area, ventral part,RSPv","['ventral part', 'RSPv']",1,"[26, 166, 152]","[997, 8, 567, 688, 695, 315, 254, 886]","[112905828, 688152357, 691663206, 687527945, 12, 184527634, 167587189, 114512891]"
542,"Retrosplenial area, ventral part, layer 1,RSPv1","['ventral part', 'layer 1', 'RSPv1']",1,"[26, 166, 152]","[997, 8, 567, 688, 695, 315, 254, 886, 542]","[667481440, 184527634, 12, 691663206]"
606,"Retrosplenial area, ventral part, layer 2,RSPv2","['ventral part', 'layer 2', 'RSPv2']",1,"[26, 166, 152]","[997, 8, 567, 688, 695, 315, 254, 886, 606]",[12]
430,"Retrosplenial area, ventral part, layer 2/3,RSPv2/3","['ventral part', 'layer 2/3', 'RSPv2/3']",1,"[26, 166, 152]","[997, 8, 567, 688, 695, 315, 254, 886, 430]","[667481441, 184527634, 12, 691663206]"
687,"Retrosplenial area, ventral part, layer 5,RSPv5","['ventral part', 'layer 5', 'RSPv5']",1,"[26, 166, 152]","[997, 8, 567, 688, 695, 315, 254, 886, 687]","[184527634, 12, 667481446, 691663206]"
590,"Retrosplenial area, ventral part, layer 6a,RSPv6a","['ventral part', 'layer 6a', 'RSPv6a']",1,"[26, 166, 152]","[997, 8, 567, 688, 695, 315, 254, 886, 590]","[667481449, 184527634, 12, 691663206]"
622,"Retrosplenial area, ventral part, layer 6b,RSPv6b","['ventral part', 'layer 6b', 'RSPv6b']",1,"[26, 166, 152]","[997, 8, 567, 688, 695, 315, 254, 886, 622]","[667481450, 184527634, 12, 691663206]"
22,"Posterior parietal association areas,PTLp",['PTLp'],1,"[0, 159, 172]","[997, 8, 567, 688, 695, 315, 22]","[3, 112905828, 691663206, 12, 184527634, 112905813, 114512891]"
532,"Posterior parietal association areas, layer 1,PTLp1","['layer 1', 'PTLp1']",1,"[0, 159, 172]","[997, 8, 567, 688, 695, 315, 22, 532]",[12]
241,"Posterior parietal association areas, layer 2/3,PTLp2/3","['layer 2/3', 'PTLp2/3']",1,"[0, 159, 172]","[997, 8, 567, 688, 695, 315, 22, 241]",[12]
635,"Posterior parietal association areas, layer 4,PTLp4","['layer 4', 'PTLp4']",1,"[0, 159, 172]","[997, 8, 567, 688, 695, 315, 22, 635]",[12]
683,"Posterior parietal association areas, layer 5,PTLp5","['layer 5', 'PTLp5']",1,"[0, 159, 172]","[997, 8, 567, 688, 695, 315, 22, 683]",[12]
308,"Posterior parietal association areas, layer 6a,PTLp6a","['layer 6a', 'PTLp6a']",1,"[0, 159, 172]","[997, 8, 567, 688, 695, 315, 22, 308]","[12, 112905813]"
340,"Posterior parietal association areas, layer 6b,PTLp6b","['layer 6b', 'PTLp6b']",1,"[0, 159, 172]","[997, 8, 567, 688, 695, 315, 22, 340]","[12, 112905813]"
312782546,"Anterior area,VISa",['VISa'],1,"[0, 159, 172]","[997, 8, 567, 688, 695, 315, 22, 312782546]","[396673091, 112905828, 688152357, 691663206, 687527945, 184527634, 167587189, 114512891]"
312782550,"Anterior area, layer 1,VISa1","['layer 1', 'VISa1']",1,"[0, 159, 172]","[997, 8, 567, 688, 695, 315, 22, 312782546, 312782550]","[667481440, 184527634, 396673091, 691663206]"
312782554,"Anterior area, layer 2/3,VISa2/3","['layer 2/3', 'VISa2/3']",1,"[0, 159, 172]","[997, 8, 567, 688, 695, 315, 22, 312782546, 312782554]","[667481441, 184527634, 396673091, 691663206]"
312782558,"Anterior area, layer 4,VISa4","['layer 4', 'VISa4']",1,"[0, 159, 172]","[997, 8, 567, 688, 695, 315, 22, 312782546, 312782558]","[184527634, 396673091, 667481445, 691663206]"
312782562,"Anterior area, layer 5,VISa5","['layer 5', 'VISa5']",1,"[0, 159, 172]","[997, 8, 567, 688, 695, 315, 22, 312782546, 312782562]","[184527634, 396673091, 667481446, 691663206]"
312782566,"Anterior area, layer 6a,VISa6a","['layer 6a', 'VISa6a']",1,"[0, 159, 172]","[997, 8, 567, 688, 695, 315, 22, 312782546, 312782566]","[667481449, 184527634, 396673091, 691663206]"
312782570,"Anterior area, layer 6b,VISa6b","['layer 6b', 'VISa6b']",1,"[0, 159, 172]","[997, 8, 567, 688, 695, 315, 22, 312782546, 312782570]","[184527634, 396673091, 667481450, 691663206]"
417,"Rostrolateral visual area,VISrl",['VISrl'],1,"[0, 159, 172]","[997, 8, 567, 688, 695, 315, 22, 417]","[396673091, 112905828, 688152357, 691663206, 687527945, 184527634, 514166994, 167587189, 114512891]"
312782604,"Rostrolateral area, layer 1,VISrl1","['layer 1', 'VISrl1']",1,"[0, 159, 172]","[997, 8, 567, 688, 695, 315, 22, 417, 312782604]","[667481440, 184527634, 396673091, 691663206]"
312782608,"Rostrolateral area, layer 2/3,VISrl2/3","['layer 2/3', 'VISrl2/3']",1,"[0, 159, 172]","[997, 8, 567, 688, 695, 315, 22, 417, 312782608]","[667481441, 184527634, 396673091, 691663206]"
312782612,"Rostrolateral area, layer 4,VISrl4","['layer 4', 'VISrl4']",1,"[0, 159, 172]","[997, 8, 567, 688, 695, 315, 22, 417, 312782612]","[184527634, 396673091, 667481445, 691663206]"
312782616,"Rostrolateral area, layer 5,VISrl5","['layer 5', 'VISrl5']",1,"[0, 159, 172]","[997, 8, 567, 688, 695, 315, 22, 417, 312782616]","[667481446, 184527634, 396673091, 691663206]"
312782620,"Rostrolateral area, layer 6a,VISrl6a","['layer 6a', 'VISrl6a']",1,"[0, 159, 172]","[997, 8, 567, 688, 695, 315, 22, 417, 312782620]","[667481449, 184527634, 396673091, 691663206]"
312782624,"Rostrolateral area, layer 6b,VISrl6b","['layer 6b', 'VISrl6b']",1,"[0, 159, 172]","[997, 8, 567, 688, 695, 315, 22, 417, 312782624]","[184527634, 396673091, 667481450, 691663206]"
541,"Temporal association areas,TEa",['TEa'],1,"[21, 176, 179]","[997, 8, 567, 688, 695, 315, 541]","[3, 112905828, 688152357, 691663206, 687527945, 12, 184527634, 167587189, 114512891]"
97,"Temporal association areas, layer 1,TEa1","['layer 1', 'TEa1']",1,"[21, 176, 179]","[997, 8, 567, 688, 695, 315, 541, 97]","[667481440, 184527634, 12, 691663206]"
1127,"Temporal association areas, layer 2/3,TEa2/3","['layer 2/3', 'TEa2/3']",1,"[21, 176, 179]","[997, 8, 567, 688, 695, 315, 541, 1127]","[667481441, 184527634, 12, 691663206]"
234,"Temporal association areas, layer 4,TEa4","['layer 4', 'TEa4']",1,"[21, 176, 179]","[997, 8, 567, 688, 695, 315, 541, 234]","[184527634, 12, 667481445, 691663206]"
289,"Temporal association areas, layer 5,TEa5","['layer 5', 'TEa5']",1,"[21, 176, 179]","[997, 8, 567, 688, 695, 315, 541, 289]","[184527634, 12, 667481446, 691663206]"
729,"Temporal association areas, layer 6a,TEa6a","['layer 6a', 'TEa6a']",1,"[21, 176, 179]","[997, 8, 567, 688, 695, 315, 541, 729]","[667481449, 184527634, 12, 691663206]"
786,"Temporal association areas, layer 6b,TEa6b","['layer 6b', 'TEa6b']",1,"[21, 176, 179]","[997, 8, 567, 688, 695, 315, 541, 786]","[184527634, 12, 667481450, 691663206]"
922,"Perirhinal area,PERI",['PERI'],1,"[14, 150, 132]","[997, 8, 567, 688, 695, 315, 922]","[3, 112905828, 688152357, 691663206, 687527945, 12, 184527634, 167587189]"
540,"Perirhinal area, layer 1,PERI1","['layer 1', 'PERI1']",1,"[14, 150, 132]","[997, 8, 567, 688, 695, 315, 922, 540]","[667481440, 184527634, 12, 691663206]"
888,"Perirhinal area, layer 2/3,PERI2/3","['layer 2/3', 'PERI2/3']",1,"[14, 150, 132]","[997, 8, 567, 688, 695, 315, 922, 888]","[667481441, 184527634, 12, 691663206]"
692,"Perirhinal area, layer 5,PERI5","['layer 5', 'PERI5']",1,"[14, 150, 132]","[997, 8, 567, 688, 695, 315, 922, 692]","[184527634, 12, 667481446, 691663206]"
335,"Perirhinal area, layer 6a,PERI6a","['layer 6a', 'PERI6a']",1,"[14, 150, 132]","[997, 8, 567, 688, 695, 315, 922, 335]","[667481449, 184527634, 12, 691663206]"
368,"Perirhinal area, layer 6b,PERI6b","['layer 6b', 'PERI6b']",1,"[14, 150, 132]","[997, 8, 567, 688, 695, 315, 922, 368]","[667481450, 184527634, 12, 691663206]"
895,"Ectorhinal area,ECT",['ECT'],1,"[13, 159, 145]","[997, 8, 567, 688, 695, 315, 895]","[3, 112905828, 688152357, 691663206, 687527945, 12, 184527634, 167587189, 114512891]"
836,"Ectorhinal area/Layer 1,ECT1",['ECT1'],1,"[13, 159, 145]","[997, 8, 567, 688, 695, 315, 895, 836]","[667481440, 184527634, 12, 691663206]"
427,"Ectorhinal area/Layer 2/3,ECT2/3",['ECT2/3'],1,"[13, 159, 145]","[997, 8, 567, 688, 695, 315, 895, 427]","[667481441, 184527634, 12, 691663206]"
988,"Ectorhinal area/Layer 5,ECT5",['ECT5'],1,"[13, 159, 145]","[997, 8, 567, 688, 695, 315, 895, 988]","[184527634, 12, 667481446, 691663206]"
977,"Ectorhinal area/Layer 6a,ECT6a",['ECT6a'],1,"[13, 159, 145]","[997, 8, 567, 688, 695, 315, 895, 977]","[667481449, 184527634, 12, 691663206]"
1045,"Ectorhinal area/Layer 6b,ECT6b",['ECT6b'],1,"[13, 159, 145]","[997, 8, 567, 688, 695, 315, 895, 1045]","[667481450, 184527634, 12, 691663206]"
698,"Olfactory areas,OLF",['OLF'],1,"[154, 210, 189]","[997, 8, 567, 688, 695, 698]","[2, 3, 112905828, 691663206, 12, 184527634, 112905813, 687527670, 114512891, 114512892]"
507,"Main olfactory bulb,MOB",['MOB'],1,"[154, 210, 189]","[997, 8, 567, 688, 695, 698, 507]","[112905828, 691663206, 688152358, 687527945, 12, 184527634, 167587189, 114512891]"
212,"Main olfactory bulb, glomerular layer,MOBgl","['glomerular layer', 'MOBgl']",1,"[130, 199, 174]","[997, 8, 567, 688, 695, 698, 507, 212]","[10, 12]"
220,"Main olfactory bulb, granule layer,MOBgr","['granule layer', 'MOBgr']",1,"[130, 199, 174]","[997, 8, 567, 688, 695, 698, 507, 220]","[10, 12]"
228,"Main olfactory bulb, inner plexiform layer,MOBipl","['inner plexiform layer', 'MOBipl']",1,"[154, 210, 189]","[997, 8, 567, 688, 695, 698, 507, 228]",[12]
236,"Main olfactory bulb, mitral layer,MOBmi","['mitral layer', 'MOBmi']",1,"[130, 199, 174]","[997, 8, 567, 688, 695, 698, 507, 236]","[10, 12]"
244,"Main olfactory bulb, outer plexiform layer,MOBopl","['outer plexiform layer', 'MOBopl']",1,"[154, 210, 189]","[997, 8, 567, 688, 695, 698, 507, 244]",[12]
151,"Accessory olfactory bulb,AOB",['AOB'],1,"[157, 240, 210]","[997, 8, 567, 688, 695, 698, 151]","[112905828, 688152358, 691663206, 687527945, 10, 12, 184527634, 167587189, 114512891]"
188,"Accessory olfactory bulb, glomerular layer,AOBgl","['glomerular layer', 'AOBgl']",1,"[157, 240, 210]","[997, 8, 567, 688, 695, 698, 151, 188]","[184527634, 12, 691663206]"
196,"Accessory olfactory bulb, granular layer,AOBgr","['granular layer', 'AOBgr']",1,"[149, 228, 200]","[997, 8, 567, 688, 695, 698, 151, 196]","[184527634, 12, 691663206]"
204,"Accessory olfactory bulb, mitral layer,AOBmi","['mitral layer', 'AOBmi']",1,"[157, 240, 210]","[997, 8, 567, 688, 695, 698, 151, 204]","[184527634, 12, 691663206]"
159,"Anterior olfactory nucleus,AON",['AON'],1,"[84, 191, 148]","[997, 8, 567, 688, 695, 698, 159]","[112905828, 691663206, 688152358, 687527945, 10, 12, 184527634, 112905813, 167587189, 114512891, 114512892]"
167,"Anterior olfactory nucleus, dorsal part,AONd","['dorsal part', 'AONd']",1,"[84, 191, 148]","[997, 8, 567, 688, 695, 698, 159, 167]",[12]
175,"Anterior olfactory nucleus, external part,AONe","['external part', 'AONe']",1,"[84, 191, 148]","[997, 8, 567, 688, 695, 698, 159, 175]",[12]
183,"Anterior olfactory nucleus, lateral part,AONl","['lateral part', 'AONl']",1,"[84, 191, 148]","[997, 8, 567, 688, 695, 698, 159, 183]",[12]
191,"Anterior olfactory nucleus, medial part,AONm","['medial part', 'AONm']",1,"[84, 191, 148]","[997, 8, 567, 688, 695, 698, 159, 191]",[12]
199,"Anterior olfactory nucleus, posteroventral part,AONpv","['posteroventral part', 'AONpv']",1,"[84, 191, 148]","[997, 8, 567, 688, 695, 698, 159, 199]",[12]
160,"Anterior olfactory nucleus, layer 1,AON1","['layer 1', 'AON1']",1,"[84, 191, 148]","[997, 8, 567, 688, 695, 698, 159, 160]",[12]
168,"Anterior olfactory nucleus, layer 2,AON2","['layer 2', 'AON2']",1,"[84, 191, 148]","[997, 8, 567, 688, 695, 698, 159, 168]",[]
589,"Taenia tecta,TT",['TT'],1,"[98, 208, 159]","[997, 8, 567, 688, 695, 698, 589]","[112905828, 688152358, 691663206, 687527945, 10, 12, 184527634, 167587189, 114512891]"
597,"Taenia tecta, dorsal part,TTd","['dorsal part', 'TTd']",1,"[98, 208, 159]","[997, 8, 567, 688, 695, 698, 589, 597]","[184527634, 12, 691663206]"
297,"Taenia tecta, dorsal part, layers 1-4,TTd1-4","['dorsal part', 'layers 1-4', 'TTd1-4']",1,"[98, 208, 159]","[997, 8, 567, 688, 695, 698, 589, 597, 297]",[]
1034,"Taenia tecta, dorsal part, layer 1,TTd1","['dorsal part', 'layer 1', 'TTd1']",1,"[98, 208, 159]","[997, 8, 567, 688, 695, 698, 589, 597, 1034]",[12]
1042,"Taenia tecta, dorsal part, layer 2,TTd2","['dorsal part', 'layer 2', 'TTd2']",1,"[98, 208, 159]","[997, 8, 567, 688, 695, 698, 589, 597, 1042]",[12]
1050,"Taenia tecta, dorsal part, layer 3,TTd3","['dorsal part', 'layer 3', 'TTd3']",1,"[98, 208, 159]","[997, 8, 567, 688, 695, 698, 589, 597, 1050]",[12]
1059,"Taenia tecta, dorsal part, layer 4,TTd4","['dorsal part', 'layer 4', 'TTd4']",1,"[98, 208, 159]","[997, 8, 567, 688, 695, 698, 589, 597, 1059]",[12]
605,"Taenia tecta, ventral part,TTv","['ventral part', 'TTv']",1,"[98, 208, 159]","[997, 8, 567, 688, 695, 698, 589, 605]","[184527634, 12, 691663206]"
306,"Taenia tecta, ventral part, layers 1-3,TTv1-3","['ventral part', 'layers 1-3', 'TTv1-3']",1,"[98, 208, 159]","[997, 8, 567, 688, 695, 698, 589, 605, 306]",[]
1067,"Taenia tecta, ventral part, layer 1,TTv1","['ventral part', 'layer 1', 'TTv1']",1,"[98, 208, 159]","[997, 8, 567, 688, 695, 698, 589, 605, 1067]",[12]
1075,"Taenia tecta, ventral part, layer 2,TTv2","['ventral part', 'layer 2', 'TTv2']",1,"[98, 208, 159]","[997, 8, 567, 688, 695, 698, 589, 605, 1075]",[12]
1082,"Taenia tecta, ventral part, layer 3,TTv3","['ventral part', 'layer 3', 'TTv3']",1,"[98, 208, 159]","[997, 8, 567, 688, 695, 698, 589, 605, 1082]",[12]
814,"Dorsal peduncular area,DP",['DP'],1,"[164, 218, 164]","[997, 8, 567, 688, 695, 698, 814]","[112905828, 688152358, 691663206, 687527945, 12, 184527634, 167587189, 114512891]"
496,"Dorsal peduncular area, layer 1,DP1","['layer 1', 'DP1']",1,"[164, 218, 164]","[997, 8, 567, 688, 695, 698, 814, 496]",[12]
535,"Dorsal peduncular area, layer 2,DP2","['layer 2', 'DP2']",1,"[164, 218, 164]","[997, 8, 567, 688, 695, 698, 814, 535]",[]
360,"Dorsal peduncular area, layer 2/3,DP2/3","['layer 2/3', 'DP2/3']",1,"[164, 218, 164]","[997, 8, 567, 688, 695, 698, 814, 360]",[12]
646,"Dorsal peduncular area, layer 5,DP5","['layer 5', 'DP5']",1,"[164, 218, 164]","[997, 8, 567, 688, 695, 698, 814, 646]",[12]
267,"Dorsal peduncular area, layer 6a,DP6a","['layer 6a', 'DP6a']",1,"[164, 218, 164]","[997, 8, 567, 688, 695, 698, 814, 267]",[12]
961,"Piriform area,PIR",['PIR'],1,"[106, 203, 186]","[997, 8, 567, 688, 695, 698, 961]","[112905828, 691663206, 688152358, 687527945, 10, 12, 184527634, 112905813, 167587189, 114512891]"
152,"Piriform area, layers 1-3,PIR1-3","['layers 1-3', 'PIR1-3']",1,"[106, 203, 186]","[997, 8, 567, 688, 695, 698, 961, 152]",[]
276,"Piriform area, molecular layer,PIR1","['molecular layer', 'PIR1']",1,"[106, 203, 186]","[997, 8, 567, 688, 695, 698, 961, 276]",[12]
284,"Piriform area, pyramidal layer,PIR2","['pyramidal layer', 'PIR2']",1,"[106, 203, 186]","[997, 8, 567, 688, 695, 698, 961, 284]",[12]
291,"Piriform area, polymorph layer,PIR3","['polymorph layer', 'PIR3']",1,"[106, 203, 186]","[997, 8, 567, 688, 695, 698, 961, 291]",[12]
619,"Nucleus of the lateral olfactory tract,NLOT",['NLOT'],1,"[149, 228, 200]","[997, 8, 567, 688, 695, 698, 619]","[112905828, 691663206, 688152358, 687527945, 10, 12, 184527634, 167587189, 114512891]"
392,"Nucleus of the lateral olfactory tract, layers 1-3,NLOT1-3","['layers 1-3', 'NLOT1-3']",1,"[149, 228, 200]","[997, 8, 567, 688, 695, 698, 619, 392]",[]
260,"Nucleus of the lateral olfactory tract, molecular layer,NLOT1","['molecular layer', 'NLOT1']",1,"[149, 228, 200]","[997, 8, 567, 688, 695, 698, 619, 260]","[184527634, 12, 691663206]"
268,"Nucleus of the lateral olfactory tract, pyramidal layer,NLOT2","['pyramidal layer', 'NLOT2']",1,"[149, 228, 200]","[997, 8, 567, 688, 695, 698, 619, 268]","[184527634, 12, 691663206]"
1139,"Nucleus of the lateral olfactory tract, layer 3,NLOT3","['layer 3', 'NLOT3']",1,"[149, 228, 200]","[997, 8, 567, 688, 695, 698, 619, 1139]","[184527634, 12, 691663206]"
631,"Cortical amygdalar area,COA",['COA'],1,"[97, 231, 183]","[997, 8, 567, 688, 695, 698, 631]","[112905828, 691663206, 10, 12, 184527634, 114512891]"
639,"Cortical amygdalar area, anterior part,COAa","['anterior part', 'COAa']",1,"[97, 231, 183]","[997, 8, 567, 688, 695, 698, 631, 639]","[112905828, 691663206, 688152358, 687527945, 12, 184527634, 167587189]"
192,"Cortical amygdalar area, anterior part, layer 1,COAa1","['anterior part', 'layer 1', 'COAa1']",1,"[97, 231, 183]","[997, 8, 567, 688, 695, 698, 631, 639, 192]",[12]
200,"Cortical amygdalar area, anterior part, layer 2,COAa2","['anterior part', 'layer 2', 'COAa2']",1,"[97, 231, 183]","[997, 8, 567, 688, 695, 698, 631, 639, 200]",[12]
208,"Cortical amygdalar area, anterior part, layer 3,COAa3","['anterior part', 'layer 3', 'COAa3']",1,"[97, 231, 183]","[997, 8, 567, 688, 695, 698, 631, 639, 208]",[]
647,"Cortical amygdalar area, posterior part,COAp","['posterior part', 'COAp']",1,"[97, 231, 183]","[997, 8, 567, 688, 695, 698, 631, 647]","[112905828, 691663206, 688152358, 687527945, 12, 184527634, 167587189, 114512891]"
655,"Cortical amygdalar area, posterior part, lateral zone,COApl","['posterior part', 'lateral zone', 'COApl']",1,"[97, 231, 183]","[997, 8, 567, 688, 695, 698, 631, 647, 655]","[184527634, 12, 691663206]"
584,"Cortical amygdalar area, posterior part, lateral zone, layers 1-2,COApl1-2","['posterior part', 'lateral zone', 'layers 1-2', 'COApl1-2']",1,"[97, 231, 183]","[997, 8, 567, 688, 695, 698, 631, 647, 655, 584]",[]
376,"Cortical amygdalar area, posterior part, lateral zone, layers 1-3,COApl1-3","['posterior part', 'lateral zone', 'layers 1-3', 'COApl1-3']",1,"[97, 231, 183]","[997, 8, 567, 688, 695, 698, 631, 647, 655, 376]",[]
216,"Cortical amygdalar area, posterior part, lateral zone, layer 1,COApl1","['posterior part', 'lateral zone', 'layer 1', 'COApl1']",1,"[97, 231, 183]","[997, 8, 567, 688, 695, 698, 631, 647, 655, 216]",[12]
224,"Cortical amygdalar area, posterior part, lateral zone, layer 2,COApl2","['posterior part', 'lateral zone', 'layer 2', 'COApl2']",1,"[97, 231, 183]","[997, 8, 567, 688, 695, 698, 631, 647, 655, 224]",[12]
232,"Cortical amygdalar area, posterior part, lateral zone, layer 3,COApl3","['posterior part', 'lateral zone', 'layer 3', 'COApl3']",1,"[97, 231, 183]","[997, 8, 567, 688, 695, 698, 631, 647, 655, 232]",[12]
663,"Cortical amygdalar area, posterior part, medial zone,COApm","['posterior part', 'medial zone', 'COApm']",1,"[97, 231, 183]","[997, 8, 567, 688, 695, 698, 631, 647, 663]","[184527634, 12, 691663206]"
592,"Cortical amygdalar area, posterior part, medial zone, layers 1-2,COApm1-2","['posterior part', 'medial zone', 'layers 1-2', 'COApm1-2']",1,"[97, 231, 183]","[997, 8, 567, 688, 695, 698, 631, 647, 663, 592]",[]
383,"Cortical amygdalar area, posterior part, medial zone, layers 1-3,COApm1-3","['posterior part', 'medial zone', 'layers 1-3', 'COApm1-3']",1,"[97, 231, 183]","[997, 8, 567, 688, 695, 698, 631, 647, 663, 383]",[]
240,"Cortical amygdalar area, posterior part, medial zone, layer 1,COApm1","['posterior part', 'medial zone', 'layer 1', 'COApm1']",1,"[97, 231, 183]","[997, 8, 567, 688, 695, 698, 631, 647, 663, 240]",[12]
248,"Cortical amygdalar area, posterior part, medial zone, layer 2,COApm2","['posterior part', 'medial zone', 'layer 2', 'COApm2']",1,"[97, 231, 183]","[997, 8, 567, 688, 695, 698, 631, 647, 663, 248]",[12]
256,"Cortical amygdalar area, posterior part, medial zone, layer 3,COApm3","['posterior part', 'medial zone', 'layer 3', 'COApm3']",1,"[97, 231, 183]","[997, 8, 567, 688, 695, 698, 631, 647, 663, 256]",[12]
788,"Piriform-amygdalar area,PAA",['PAA'],1,"[89, 218, 171]","[997, 8, 567, 688, 695, 698, 788]","[112905828, 688152358, 691663206, 687527945, 12, 184527634, 167587189, 114512891]"
400,"Piriform-amygdalar area, layers 1-3,PAA1-3","['layers 1-3', 'PAA1-3']",1,"[89, 218, 171]","[997, 8, 567, 688, 695, 698, 788, 400]",[]
408,"Piriform-amygdalar area, molecular layer,PAA1","['molecular layer', 'PAA1']",1,"[89, 218, 171]","[997, 8, 567, 688, 695, 698, 788, 408]",[12]
416,"Piriform-amygdalar area, pyramidal layer,PAA2","['pyramidal layer', 'PAA2']",1,"[89, 218, 171]","[997, 8, 567, 688, 695, 698, 788, 416]",[12]
424,"Piriform-amygdalar area, polymorph layer,PAA3","['polymorph layer', 'PAA3']",1,"[89, 218, 171]","[997, 8, 567, 688, 695, 698, 788, 424]",[12]
566,"Postpiriform transition area,TR",['TR'],1,"[168, 236, 211]","[997, 8, 567, 688, 695, 698, 566]","[112905828, 691663206, 688152358, 687527945, 12, 184527634, 167587189, 114512891]"
517,"Postpiriform transition area, layers 1-3,TR1-3","['layers 1-3', 'TR1-3']",1,"[168, 236, 211]","[997, 8, 567, 688, 695, 698, 566, 517]",[]
1140,"Postpiriform transition area, layers 1,TR1","['layers 1', 'TR1']",1,"[168, 236, 211]","[997, 8, 567, 688, 695, 698, 566, 1140]",[12]
1141,"Postpiriform transition area, layers 2,TR2","['layers 2', 'TR2']",1,"[168, 236, 211]","[997, 8, 567, 688, 695, 698, 566, 1141]",[12]
1142,"Postpiriform transition area, layers 3,TR3","['layers 3', 'TR3']",1,"[168, 236, 211]","[997, 8, 567, 688, 695, 698, 566, 1142]",[12]
1089,"Hippocampal formation,HPF",['HPF'],1,"[126, 208, 75]","[997, 8, 567, 688, 695, 1089]","[2, 112905828, 691663206, 12, 184527634, 112905813, 687527670, 114512891, 114512892]"
1080,"Hippocampal region,HIP",['HIP'],1,"[126, 208, 75]","[997, 8, 567, 688, 695, 1089, 1080]","[112905828, 691663206, 12, 184527634, 112905813, 114512891, 114512892]"
375,"Ammon's horn,CA",['CA'],1,"[126, 208, 75]","[997, 8, 567, 688, 695, 1089, 1080, 375]","[3, 112905828, 691663206, 12, 184527634, 112905813, 114512891, 114512892]"
382,"Field CA1,CA1",['CA1'],1,"[126, 208, 75]","[997, 8, 567, 688, 695, 1089, 1080, 375, 382]","[112905828, 691663206, 688152359, 687527945, 12, 184527634, 112905813, 167587189, 114512891, 114512892]"
391,"Field CA1, stratum lacunosum-moleculare,CA1slm","['stratum lacunosum-moleculare', 'CA1slm']",1,"[126, 208, 75]","[997, 8, 567, 688, 695, 1089, 1080, 375, 382, 391]",[12]
399,"Field CA1, stratum oriens,CA1so","['stratum oriens', 'CA1so']",1,"[126, 208, 75]","[997, 8, 567, 688, 695, 1089, 1080, 375, 382, 399]",[12]
407,"Field CA1, pyramidal layer,CA1sp","['pyramidal layer', 'CA1sp']",1,"[102, 168, 61]","[997, 8, 567, 688, 695, 1089, 1080, 375, 382, 407]","[10, 12]"
415,"Field CA1, stratum radiatum,CA1sr","['stratum radiatum', 'CA1sr']",1,"[126, 208, 75]","[997, 8, 567, 688, 695, 1089, 1080, 375, 382, 415]",[12]
423,"Field CA2,CA2",['CA2'],1,"[126, 208, 75]","[997, 8, 567, 688, 695, 1089, 1080, 375, 423]","[112905828, 691663206, 688152359, 687527945, 12, 184527634, 167587189]"
431,"Field CA2, stratum lacunosum-moleculare,CA2slm","['stratum lacunosum-moleculare', 'CA2slm']",1,"[126, 208, 75]","[997, 8, 567, 688, 695, 1089, 1080, 375, 423, 431]",[12]
438,"Field CA2, stratum oriens,CA2so","['stratum oriens', 'CA2so']",1,"[126, 208, 75]","[997, 8, 567, 688, 695, 1089, 1080, 375, 423, 438]",[12]
446,"Field CA2, pyramidal layer,CA2sp","['pyramidal layer', 'CA2sp']",1,"[102, 168, 61]","[997, 8, 567, 688, 695, 1089, 1080, 375, 423, 446]","[10, 12]"
454,"Field CA2, stratum radiatum,CA2sr","['stratum radiatum', 'CA2sr']",1,"[126, 208, 75]","[997, 8, 567, 688, 695, 1089, 1080, 375, 423, 454]",[12]
463,"Field CA3,CA3",['CA3'],1,"[126, 208, 75]","[997, 8, 567, 688, 695, 1089, 1080, 375, 463]","[112905828, 691663206, 688152359, 687527945, 12, 184527634, 167587189, 112905813, 114512891]"
471,"Field CA3, stratum lacunosum-moleculare,CA3slm","['stratum lacunosum-moleculare', 'CA3slm']",1,"[126, 208, 75]","[997, 8, 567, 688, 695, 1089, 1080, 375, 463, 471]",[12]
479,"Field CA3, stratum lucidum,CA3slu","['stratum lucidum', 'CA3slu']",1,"[126, 208, 75]","[997, 8, 567, 688, 695, 1089, 1080, 375, 463, 479]",[12]
486,"Field CA3, stratum oriens,CA3so","['stratum oriens', 'CA3so']",1,"[126, 208, 75]","[997, 8, 567, 688, 695, 1089, 1080, 375, 463, 486]",[12]
495,"Field CA3, pyramidal layer,CA3sp","['pyramidal layer', 'CA3sp']",1,"[102, 168, 61]","[997, 8, 567, 688, 695, 1089, 1080, 375, 463, 495]","[10, 12]"
504,"Field CA3, stratum radiatum,CA3sr","['stratum radiatum', 'CA3sr']",1,"[126, 208, 75]","[997, 8, 567, 688, 695, 1089, 1080, 375, 463, 504]",[12]
726,"Dentate gyrus,DG",['DG'],1,"[126, 208, 75]","[997, 8, 567, 688, 695, 1089, 1080, 726]","[3, 112905828, 691663206, 688152359, 687527945, 10, 12, 184527634, 112905813, 167587189, 114512891]"
10703,"Dentate gyrus, molecular layer,DG-mo","['molecular layer', 'DG-mo']",1,"[126, 208, 75]","[997, 8, 567, 688, 695, 1089, 1080, 726, 10703]","[184527634, 12, 691663206]"
10704,"Dentate gyrus, polymorph layer,DG-po","['polymorph layer', 'DG-po']",1,"[126, 208, 75]","[997, 8, 567, 688, 695, 1089, 1080, 726, 10704]","[184527634, 12, 691663206]"
632,"Dentate gyrus, granule cell layer,DG-sg","['granule cell layer', 'DG-sg']",1,"[102, 168, 61]","[997, 8, 567, 688, 695, 1089, 1080, 726, 632]","[184527634, 12, 691663206]"
10702,"Dentate gyrus, subgranular zone,DG-sgz","['subgranular zone', 'DG-sgz']",1,"[126, 208, 75]","[997, 8, 567, 688, 695, 1089, 1080, 726, 10702]",[]
734,"Dentate gyrus crest,DGcr",['DGcr'],1,"[126, 208, 75]","[997, 8, 567, 688, 695, 1089, 1080, 726, 734]",[]
742,"Dentate gyrus crest, molecular layer,DGcr-mo","['molecular layer', 'DGcr-mo']",1,"[126, 208, 75]","[997, 8, 567, 688, 695, 1089, 1080, 726, 734, 742]",[]
751,"Dentate gyrus crest, polymorph layer,DGcr-po","['polymorph layer', 'DGcr-po']",1,"[126, 208, 75]","[997, 8, 567, 688, 695, 1089, 1080, 726, 734, 751]",[]
758,"Dentate gyrus crest, granule cell layer,DGcr-sg","['granule cell layer', 'DGcr-sg']",1,"[126, 208, 75]","[997, 8, 567, 688, 695, 1089, 1080, 726, 734, 758]",[]
766,"Dentate gyrus lateral blade,DGlb",['DGlb'],1,"[126, 208, 75]","[997, 8, 567, 688, 695, 1089, 1080, 726, 766]",[]
775,"Dentate gyrus lateral blade, molecular layer,DGlb-mo","['molecular layer', 'DGlb-mo']",1,"[126, 208, 75]","[997, 8, 567, 688, 695, 1089, 1080, 726, 766, 775]",[]
782,"Dentate gyrus lateral blade, polymorph layer,DGlb-po","['polymorph layer', 'DGlb-po']",1,"[126, 208, 75]","[997, 8, 567, 688, 695, 1089, 1080, 726, 766, 782]",[]
790,"Dentate gyrus lateral blade, granule cell layer,DGlb-sg","['granule cell layer', 'DGlb-sg']",1,"[126, 208, 75]","[997, 8, 567, 688, 695, 1089, 1080, 726, 766, 790]",[]
799,"Dentate gyrus medial blade,DGmb",['DGmb'],1,"[126, 208, 75]","[997, 8, 567, 688, 695, 1089, 1080, 726, 799]",[]
807,"Dentate gyrus medial blade, molecular layer,DGmb-mo","['molecular layer', 'DGmb-mo']",1,"[126, 208, 75]","[997, 8, 567, 688, 695, 1089, 1080, 726, 799, 807]",[]
815,"Dentate gyrus medial blade, polymorph layer,DGmb-po","['polymorph layer', 'DGmb-po']",1,"[126, 208, 75]","[997, 8, 567, 688, 695, 1089, 1080, 726, 799, 815]",[]
823,"Dentate gyrus medial blade, granule cell layer,DGmb-sg","['granule cell layer', 'DGmb-sg']",1,"[126, 208, 75]","[997, 8, 567, 688, 695, 1089, 1080, 726, 799, 823]",[]
982,"Fasciola cinerea,FC",['FC'],1,"[126, 208, 75]","[997, 8, 567, 688, 695, 1089, 1080, 982]","[3, 112905828, 691663206, 688152359, 687527945, 12, 184527634, 167587189]"
19,"Induseum griseum,IG",['IG'],1,"[126, 208, 75]","[997, 8, 567, 688, 695, 1089, 1080, 19]","[3, 112905828, 691663206, 688152359, 687527945, 12, 184527634, 167587189]"
822,"Retrohippocampal region,RHP",['RHP'],1,"[50, 184, 37]","[997, 8, 567, 688, 695, 1089, 822]","[3, 112905828, 691663206, 12, 184527634, 112905813, 114512891, 114512892]"
909,"Entorhinal area,ENT",['ENT'],1,"[50, 184, 37]","[997, 8, 567, 688, 695, 1089, 822, 909]","[112905828, 691663206, 10, 12, 184527634, 114512891]"
918,"Entorhinal area, lateral part,ENTl","['lateral part', 'ENTl']",1,"[50, 184, 37]","[997, 8, 567, 688, 695, 1089, 822, 909, 918]","[112905828, 691663206, 688152359, 687527945, 12, 184527634, 167587189, 114512891]"
1121,"Entorhinal area, lateral part, layer 1,ENTl1","['lateral part', 'layer 1', 'ENTl1']",1,"[50, 184, 37]","[997, 8, 567, 688, 695, 1089, 822, 909, 918, 1121]","[184527634, 12, 691663206]"
20,"Entorhinal area, lateral part, layer 2,ENTl2","['lateral part', 'layer 2', 'ENTl2']",1,"[50, 184, 37]","[997, 8, 567, 688, 695, 1089, 822, 909, 918, 20]","[184527634, 12, 691663206]"
999,"Entorhinal area, lateral part, layer 2/3,ENTl2/3","['lateral part', 'layer 2/3', 'ENTl2/3']",1,"[50, 184, 37]","[997, 8, 567, 688, 695, 1089, 822, 909, 918, 999]",[12]
715,"Entorhinal area, lateral part, layer 2a,ENTl2a","['lateral part', 'layer 2a', 'ENTl2a']",1,"[50, 184, 37]","[997, 8, 567, 688, 695, 1089, 822, 909, 918, 715]",[12]
764,"Entorhinal area, lateral part, layer 2b,ENTl2b","['lateral part', 'layer 2b', 'ENTl2b']",1,"[50, 184, 37]","[997, 8, 567, 688, 695, 1089, 822, 909, 918, 764]",[12]
52,"Entorhinal area, lateral part, layer 3,ENTl3","['lateral part', 'layer 3', 'ENTl3']",1,"[50, 184, 37]","[997, 8, 567, 688, 695, 1089, 822, 909, 918, 52]","[184527634, 12, 691663206]"
92,"Entorhinal area, lateral part, layer 4,ENTl4","['lateral part', 'layer 4', 'ENTl4']",1,"[50, 184, 37]","[997, 8, 567, 688, 695, 1089, 822, 909, 918, 92]",[12]
312,"Entorhinal area, lateral part, layer 4/5,ENTl4/5","['lateral part', 'layer 4/5', 'ENTl4/5']",1,"[50, 184, 37]","[997, 8, 567, 688, 695, 1089, 822, 909, 918, 312]",[12]
139,"Entorhinal area, lateral part, layer 5,ENTl5","['lateral part', 'layer 5', 'ENTl5']",1,"[50, 184, 37]","[997, 8, 567, 688, 695, 1089, 822, 909, 918, 139]","[184527634, 12, 691663206]"
387,"Entorhinal area, lateral part, layer 5/6,ENTl5/6","['lateral part', 'layer 5/6', 'ENTl5/6']",1,"[50, 184, 37]","[997, 8, 567, 688, 695, 1089, 822, 909, 918, 387]",[]
28,"Entorhinal area, lateral part, layer 6a,ENTl6a","['lateral part', 'layer 6a', 'ENTl6a']",1,"[50, 184, 37]","[997, 8, 567, 688, 695, 1089, 822, 909, 918, 28]","[184527634, 12, 691663206]"
60,"Entorhinal area, lateral part, layer 6b,ENTl6b","['lateral part', 'layer 6b', 'ENTl6b']",1,"[50, 184, 37]","[997, 8, 567, 688, 695, 1089, 822, 909, 918, 60]",[12]
926,"Entorhinal area, medial part, dorsal zone,ENTm","['medial part', 'dorsal zone', 'ENTm']",1,"[50, 184, 37]","[997, 8, 567, 688, 695, 1089, 822, 909, 926]","[112905828, 691663206, 688152359, 687527945, 12, 184527634, 167587189, 114512891]"
526,"Entorhinal area, medial part, dorsal zone, layer 1,ENTm1","['medial part', 'dorsal zone', 'layer 1', 'ENTm1']",1,"[50, 184, 37]","[997, 8, 567, 688, 695, 1089, 822, 909, 926, 526]","[184527634, 12, 691663206]"
543,"Entorhinal area, medial part, dorsal zone, layer 2,ENTm2","['medial part', 'dorsal zone', 'layer 2', 'ENTm2']",1,"[50, 184, 37]","[997, 8, 567, 688, 695, 1089, 822, 909, 926, 543]","[184527634, 12, 691663206]"
468,"Entorhinal area, medial part, dorsal zone, layer 2a,ENTm2a","['medial part', 'dorsal zone', 'layer 2a', 'ENTm2a']",1,"[50, 184, 37]","[997, 8, 567, 688, 695, 1089, 822, 909, 926, 468]",[]
508,"Entorhinal area, medial part, dorsal zone, layer 2b,ENTm2b","['medial part', 'dorsal zone', 'layer 2b', 'ENTm2b']",1,"[50, 184, 37]","[997, 8, 567, 688, 695, 1089, 822, 909, 926, 508]",[]
664,"Entorhinal area, medial part, dorsal zone, layer 3,ENTm3","['medial part', 'dorsal zone', 'layer 3', 'ENTm3']",1,"[50, 184, 37]","[997, 8, 567, 688, 695, 1089, 822, 909, 926, 664]","[184527634, 12, 691663206]"
712,"Entorhinal area, medial part, dorsal zone, layer 4,ENTm4","['medial part', 'dorsal zone', 'layer 4', 'ENTm4']",1,"[50, 184, 37]","[997, 8, 567, 688, 695, 1089, 822, 909, 926, 712]",[12]
727,"Entorhinal area, medial part, dorsal zone, layer 5,ENTm5","['medial part', 'dorsal zone', 'layer 5', 'ENTm5']",1,"[50, 184, 37]","[997, 8, 567, 688, 695, 1089, 822, 909, 926, 727]","[184527634, 12, 691663206]"
550,"Entorhinal area, medial part, dorsal zone, layer 5/6,ENTm5/6","['medial part', 'dorsal zone', 'layer 5/6', 'ENTm5/6']",1,"[50, 184, 37]","[997, 8, 567, 688, 695, 1089, 822, 909, 926, 550]",[]
743,"Entorhinal area, medial part, dorsal zone, layer 6,ENTm6","['medial part', 'dorsal zone', 'layer 6', 'ENTm6']",1,"[50, 184, 37]","[997, 8, 567, 688, 695, 1089, 822, 909, 926, 743]","[184527634, 12, 691663206]"
934,"Entorhinal area, medial part, ventral zone,ENTmv","['medial part', 'ventral zone', 'ENTmv']",1,"[50, 184, 37]","[997, 8, 567, 688, 695, 1089, 822, 909, 934]","[687527945, 184527634, 12]"
259,"Entorhinal area, medial part, ventral zone, layer 1,ENTmv1","['medial part', 'ventral zone', 'layer 1', 'ENTmv1']",1,"[50, 184, 37]","[997, 8, 567, 688, 695, 1089, 822, 909, 934, 259]",[12]
324,"Entorhinal area, medial part, ventral zone, layer 2,ENTmv2","['medial part', 'ventral zone', 'layer 2', 'ENTmv2']",1,"[50, 184, 37]","[997, 8, 567, 688, 695, 1089, 822, 909, 934, 324]",[12]
371,"Entorhinal area, medial part, ventral zone, layer 3,ENTmv3","['medial part', 'ventral zone', 'layer 3', 'ENTmv3']",1,"[50, 184, 37]","[997, 8, 567, 688, 695, 1089, 822, 909, 934, 371]",[12]
419,"Entorhinal area, medial part, ventral zone, layer 4,ENTmv4","['medial part', 'ventral zone', 'layer 4', 'ENTmv4']",1,"[50, 184, 37]","[997, 8, 567, 688, 695, 1089, 822, 909, 934, 419]",[]
1133,"Entorhinal area, medial part, ventral zone, layer 5/6,ENTmv5/6","['medial part', 'ventral zone', 'layer 5/6', 'ENTmv5/6']",1,"[50, 184, 37]","[997, 8, 567, 688, 695, 1089, 822, 909, 934, 1133]",[]
843,"Parasubiculum,PAR",['PAR'],1,"[114, 213, 105]","[997, 8, 567, 688, 695, 1089, 822, 843]","[112905828, 691663206, 688152359, 687527945, 12, 184527634, 167587189, 114512891]"
10693,"Parasubiculum, layer 1,PAR1","['layer 1', 'PAR1']",1,"[114, 213, 105]","[997, 8, 567, 688, 695, 1089, 822, 843, 10693]",[12]
10694,"Parasubiculum, layer 2,PAR2","['layer 2', 'PAR2']",1,"[114, 213, 105]","[997, 8, 567, 688, 695, 1089, 822, 843, 10694]",[12]
10695,"Parasubiculum, layer 3,PAR3","['layer 3', 'PAR3']",1,"[114, 213, 105]","[997, 8, 567, 688, 695, 1089, 822, 843, 10695]",[12]
1037,"Postsubiculum,POST",['POST'],1,"[72, 200, 60]","[997, 8, 567, 688, 695, 1089, 822, 1037]","[112905828, 691663206, 688152359, 687527945, 12, 184527634, 167587189, 114512891]"
10696,"Postsubiculum, layer 1,POST1","['layer 1', 'POST1']",1,"[72, 200, 60]","[997, 8, 567, 688, 695, 1089, 822, 1037, 10696]",[12]
10697,"Postsubiculum, layer 2,POST2","['layer 2', 'POST2']",1,"[72, 200, 60]","[997, 8, 567, 688, 695, 1089, 822, 1037, 10697]",[12]
10698,"Postsubiculum, layer 3,POST3","['layer 3', 'POST3']",1,"[72, 200, 60]","[997, 8, 567, 688, 695, 1089, 822, 1037, 10698]",[12]
1084,"Presubiculum,PRE",['PRE'],1,"[89, 185, 71]","[997, 8, 567, 688, 695, 1089, 822, 1084]","[112905828, 691663206, 688152359, 687527945, 12, 184527634, 167587189, 114512891]"
10699,"Presubiculum, layer 1,PRE1","['layer 1', 'PRE1']",1,"[89, 185, 71]","[997, 8, 567, 688, 695, 1089, 822, 1084, 10699]",[12]
10700,"Presubiculum, layer 2,PRE2","['layer 2', 'PRE2']",1,"[89, 185, 71]","[997, 8, 567, 688, 695, 1089, 822, 1084, 10700]",[12]
10701,"Presubiculum, layer 3,PRE3","['layer 3', 'PRE3']",1,"[89, 185, 71]","[997, 8, 567, 688, 695, 1089, 822, 1084, 10701]",[12]
502,"Subiculum,SUB",['SUB'],1,"[79, 194, 68]","[997, 8, 567, 688, 695, 1089, 822, 502]","[112905828, 691663206, 688152359, 687527945, 10, 12, 184527634, 112905813, 167587189, 114512891, 114512892]"
509,"Subiculum, dorsal part,SUBd","['dorsal part', 'SUBd']",1,"[79, 194, 68]","[997, 8, 567, 688, 695, 1089, 822, 502, 509]",[12]
829,"Subiculum, dorsal part, molecular layer,SUBd-m","['dorsal part', 'molecular layer', 'SUBd-m']",1,"[79, 194, 68]","[997, 8, 567, 688, 695, 1089, 822, 502, 509, 829]",[12]
845,"Subiculum, dorsal part, pyramidal layer,SUBd-sp","['dorsal part', 'pyramidal layer', 'SUBd-sp']",1,"[75, 181, 71]","[997, 8, 567, 688, 695, 1089, 822, 502, 509, 845]",[12]
837,"Subiculum, dorsal part, stratum radiatum,SUBd-sr","['dorsal part', 'stratum radiatum', 'SUBd-sr']",1,"[79, 194, 68]","[997, 8, 567, 688, 695, 1089, 822, 502, 509, 837]",[12]
518,"Subiculum, ventral part,SUBv","['ventral part', 'SUBv']",1,"[79, 194, 68]","[997, 8, 567, 688, 695, 1089, 822, 502, 518]",[12]
853,"Subiculum, ventral part, molecular layer,SUBv-m","['ventral part', 'molecular layer', 'SUBv-m']",1,"[79, 194, 68]","[997, 8, 567, 688, 695, 1089, 822, 502, 518, 853]",[12]
870,"Subiculum, ventral part, pyramidal layer,SUBv-sp","['ventral part', 'pyramidal layer', 'SUBv-sp']",1,"[75, 181, 71]","[997, 8, 567, 688, 695, 1089, 822, 502, 518, 870]",[12]
861,"Subiculum, ventral part, stratum radiatum,SUBv-sr","['ventral part', 'stratum radiatum', 'SUBv-sr']",1,"[79, 194, 68]","[997, 8, 567, 688, 695, 1089, 822, 502, 518, 861]",[12]
484682470,"Prosubiculum,ProS",['ProS'],1,"[88, 186, 72]","[997, 8, 567, 688, 695, 1089, 822, 484682470]","[112905828, 691663206, 688152359, 184527634, 167587189, 114512891]"
484682475,"Prosubiculum, dorsal part,ProSd","['dorsal part', 'ProSd']",1,"[88, 186, 72]","[997, 8, 567, 688, 695, 1089, 822, 484682470, 484682475]",[]
484682479,"Prosubiculum, dorsal part, molecular layer,ProSd-m","['dorsal part', 'molecular layer', 'ProSd-m']",1,"[88, 186, 72]","[997, 8, 567, 688, 695, 1089, 822, 484682470, 484682475, 484682479]",[]
484682483,"Prosubiculum, dorsal part, pyramidal layer,ProSd-sp","['dorsal part', 'pyramidal layer', 'ProSd-sp']",1,"[86, 184, 75]","[997, 8, 567, 688, 695, 1089, 822, 484682470, 484682475, 484682483]",[]
484682487,"Prosubiculum, dorsal part, stratum radiatum,ProSd-sr","['dorsal part', 'stratum radiatum', 'ProSd-sr']",1,"[88, 186, 72]","[997, 8, 567, 688, 695, 1089, 822, 484682470, 484682475, 484682487]",[]
484682492,"Prosubiculum, ventral part,ProSv","['ventral part', 'ProSv']",1,"[88, 186, 72]","[997, 8, 567, 688, 695, 1089, 822, 484682470, 484682492]",[]
484682496,"Prosubiculum, ventral part, molecular layer,ProSv-m","['ventral part', 'molecular layer', 'ProSv-m']",1,"[88, 186, 72]","[997, 8, 567, 688, 695, 1089, 822, 484682470, 484682492, 484682496]",[]
484682500,"Prosubiculum, ventral part, pyramidal layer,ProSv-sp","['ventral part', 'pyramidal layer', 'ProSv-sp']",1,"[86, 184, 75]","[997, 8, 567, 688, 695, 1089, 822, 484682470, 484682492, 484682500]",[]
484682504,"Prosubiculum, ventral part, stratum radiatum,Prosv-sr","['ventral part', 'stratum radiatum', 'Prosv-sr']",1,"[88, 186, 72]","[997, 8, 567, 688, 695, 1089, 822, 484682470, 484682492, 484682504]",[]
589508447,"Hippocampo-amygdalar transition area,HATA",['HATA'],1,"[51, 185, 50]","[997, 8, 567, 688, 695, 1089, 822, 589508447]","[112905828, 691663206, 688152359, 184527634, 167587189]"
484682508,"Area prostriata,APr",['APr'],1,"[51, 185, 50]","[997, 8, 567, 688, 695, 1089, 822, 484682508]","[112905828, 691663206, 688152359, 184527634, 167587189, 114512891]"
703,"Cortical subplate,CTXsp",['CTXsp'],1,"[138, 218, 135]","[997, 8, 567, 688, 703]","[2, 3, 112905828, 691663206, 12, 184527634, 687527670, 114512891]"
16,"Layer 6b, isocortex,6b","['isocortex', '6b']",1,"[138, 218, 135]","[997, 8, 567, 688, 703, 16]",[10]
583,"Claustrum,CLA",['CLA'],1,"[138, 218, 135]","[997, 8, 567, 688, 703, 583]","[112905828, 691663206, 688152360, 687527945, 10, 12, 184527634, 167587189, 114512891]"
942,"Endopiriform nucleus,EP",['EP'],1,"[160, 238, 157]","[997, 8, 567, 688, 703, 942]","[112905828, 691663206, 12, 184527634, 114512891]"
952,"Endopiriform nucleus, dorsal part,EPd","['dorsal part', 'EPd']",1,"[160, 238, 157]","[997, 8, 567, 688, 703, 942, 952]","[112905828, 691663206, 688152360, 687527945, 12, 184527634, 167587189, 114512891]"
966,"Endopiriform nucleus, ventral part,EPv","['ventral part', 'EPv']",1,"[160, 238, 157]","[997, 8, 567, 688, 703, 942, 966]","[112905828, 691663206, 688152360, 687527945, 12, 184527634, 167587189]"
131,"Lateral amygdalar nucleus,LA",['LA'],1,"[144, 235, 141]","[997, 8, 567, 688, 703, 131]","[112905828, 691663206, 688152360, 687527945, 12, 184527634, 167587189, 114512891]"
295,"Basolateral amygdalar nucleus,BLA",['BLA'],1,"[157, 231, 156]","[997, 8, 567, 688, 703, 295]","[112905828, 691663206, 688152360, 687527945, 12, 184527634, 167587189, 114512891]"
303,"Basolateral amygdalar nucleus, anterior part,BLAa","['anterior part', 'BLAa']",1,"[157, 231, 156]","[997, 8, 567, 688, 703, 295, 303]","[184527634, 12, 691663206]"
311,"Basolateral amygdalar nucleus, posterior part,BLAp","['posterior part', 'BLAp']",1,"[157, 231, 156]","[997, 8, 567, 688, 703, 295, 311]","[184527634, 12, 691663206]"
451,"Basolateral amygdalar nucleus, ventral part,BLAv","['ventral part', 'BLAv']",1,"[157, 231, 156]","[997, 8, 567, 688, 703, 295, 451]","[184527634, 12, 691663206]"
319,"Basomedial amygdalar nucleus,BMA",['BMA'],1,"[132, 234, 129]","[997, 8, 567, 688, 703, 319]","[112905828, 691663206, 688152360, 687527945, 12, 184527634, 167587189, 114512891]"
327,"Basomedial amygdalar nucleus, anterior part,BMAa","['anterior part', 'BMAa']",1,"[132, 234, 129]","[997, 8, 567, 688, 703, 319, 327]","[184527634, 12, 691663206]"
334,"Basomedial amygdalar nucleus, posterior part,BMAp","['posterior part', 'BMAp']",1,"[132, 234, 129]","[997, 8, 567, 688, 703, 319, 334]","[184527634, 12, 691663206]"
780,"Posterior amygdalar nucleus,PA",['PA'],1,"[151, 236, 147]","[997, 8, 567, 688, 703, 780]","[112905828, 691663206, 688152360, 687527945, 12, 184527634, 167587189, 114512891]"
623,"Cerebral nuclei,CNU",['CNU'],1,"[152, 214, 249]","[997, 8, 567, 623]","[112905828, 691663206, 12, 184527634, 112905813, 114512891, 114512892]"
477,"Striatum,STR",['STR'],1,"[152, 214, 249]","[997, 8, 567, 623, 477]","[2, 112905828, 691663206, 12, 184527634, 112905813, 687527670, 114512891, 114512892]"
485,"Striatum dorsal region,STRd",['STRd'],1,"[152, 214, 249]","[997, 8, 567, 623, 477, 485]","[3, 112905828, 691663206, 12, 184527634, 112905813, 114512891, 114512892]"
672,"Caudoputamen,CP",['CP'],1,"[152, 214, 249]","[997, 8, 567, 623, 477, 485, 672]","[112905828, 691663206, 687527945, 10, 688152361, 12, 184527634, 112905813, 167587189, 114512891, 114512892]"
493,"Striatum ventral region,STRv",['STRv'],1,"[128, 205, 248]","[997, 8, 567, 623, 477, 493]","[3, 112905828, 691663206, 12, 184527634, 114512891]"
56,"Nucleus accumbens,ACB",['ACB'],1,"[128, 205, 248]","[997, 8, 567, 623, 477, 493, 56]","[112905828, 691663206, 688152361, 10, 687527945, 12, 184527634, 167587189, 114512891]"
998,"Fundus of striatum,FS",['FS'],1,"[128, 205, 248]","[997, 8, 567, 623, 477, 493, 998]","[112905828, 691663206, 687527945, 688152361, 12, 184527634, 167587189]"
754,"Olfactory tubercle,OT",['OT'],1,"[128, 205, 248]","[997, 8, 567, 623, 477, 493, 754]","[112905828, 691663206, 688152361, 10, 687527945, 12, 184527634, 167587189, 114512891]"
481,"Islands of Calleja,isl",['isl'],1,"[128, 205, 248]","[997, 8, 567, 623, 477, 493, 754, 481]",[12]
489,"Major island of Calleja,islm",['islm'],1,"[128, 205, 248]","[997, 8, 567, 623, 477, 493, 754, 489]","[10, 12]"
144,"Olfactory tubercle, layers 1-3,OT1-3","['layers 1-3', 'OT1-3']",1,"[128, 205, 248]","[997, 8, 567, 623, 477, 493, 754, 144]",[]
458,"Olfactory tubercle, molecular layer,OT1","['molecular layer', 'OT1']",1,"[128, 205, 248]","[997, 8, 567, 623, 477, 493, 754, 458]",[12]
465,"Olfactory tubercle, pyramidal layer,OT2","['pyramidal layer', 'OT2']",1,"[128, 205, 248]","[997, 8, 567, 623, 477, 493, 754, 465]",[12]
473,"Olfactory tubercle, polymorph layer,OT3","['polymorph layer', 'OT3']",1,"[128, 205, 248]","[997, 8, 567, 623, 477, 493, 754, 473]",[12]
549009199,"Lateral strip of striatum,LSS",['LSS'],1,"[128, 205, 248]","[997, 8, 567, 623, 477, 493, 549009199]",[]
275,"Lateral septal complex,LSX",['LSX'],1,"[144, 203, 237]","[997, 8, 567, 623, 477, 275]","[3, 112905828, 691663206, 12, 184527634, 112905813, 114512891, 114512892]"
242,"Lateral septal nucleus,LS",['LS'],1,"[144, 203, 237]","[997, 8, 567, 623, 477, 275, 242]","[112905828, 691663206, 12, 184527634, 112905813, 114512891, 114512892]"
250,"Lateral septal nucleus, caudal (caudodorsal) part,LSc","['caudal (caudodorsal) part', 'LSc']",1,"[144, 203, 237]","[997, 8, 567, 623, 477, 275, 242, 250]","[112905828, 691663206, 688152361, 10, 687527945, 12, 184527634, 112905813, 167587189, 114512891, 114512892]"
258,"Lateral septal nucleus, rostral (rostroventral) part,LSr","['rostral (rostroventral) part', 'LSr']",1,"[144, 203, 237]","[997, 8, 567, 623, 477, 275, 242, 258]","[112905828, 691663206, 688152361, 687527945, 12, 184527634, 112905813, 167587189, 114512891, 114512892]"
266,"Lateral septal nucleus, ventral part,LSv","['ventral part', 'LSv']",1,"[144, 203, 237]","[997, 8, 567, 623, 477, 275, 242, 266]","[112905828, 691663206, 688152361, 687527945, 12, 184527634, 167587189, 114512891]"
310,"Septofimbrial nucleus,SF",['SF'],1,"[144, 203, 237]","[997, 8, 567, 623, 477, 275, 310]","[112905828, 691663206, 687527945, 688152361, 12, 184527634, 112905813, 167587189, 114512891, 114512892]"
333,"Septohippocampal nucleus,SH",['SH'],1,"[144, 203, 237]","[997, 8, 567, 623, 477, 275, 333]","[112905828, 691663206, 688152361, 687527945, 12, 184527634, 167587189]"
278,"Striatum-like amygdalar nuclei,sAMY",['sAMY'],1,"[128, 192, 226]","[997, 8, 567, 623, 477, 278]","[3, 112905828, 691663206, 12, 184527634, 112905813, 114512891]"
23,"Anterior amygdalar area,AAA",['AAA'],1,"[128, 192, 226]","[997, 8, 567, 623, 477, 278, 23]","[112905828, 691663206, 687527945, 688152361, 12, 184527634, 167587189, 114512891]"
292,"Bed nucleus of the accessory olfactory tract,BA",['BA'],1,"[128, 192, 226]","[997, 8, 567, 623, 477, 278, 292]","[112905828, 691663206, 687527945, 688152361, 12, 184527634, 167587189]"
536,"Central amygdalar nucleus,CEA",['CEA'],1,"[128, 192, 226]","[997, 8, 567, 623, 477, 278, 536]","[112905828, 691663206, 687527945, 10, 688152361, 12, 184527634, 112905813, 167587189, 114512891]"
544,"Central amygdalar nucleus, capsular part,CEAc","['capsular part', 'CEAc']",1,"[128, 192, 226]","[997, 8, 567, 623, 477, 278, 536, 544]","[184527634, 12, 691663206]"
551,"Central amygdalar nucleus, lateral part,CEAl","['lateral part', 'CEAl']",1,"[128, 192, 226]","[997, 8, 567, 623, 477, 278, 536, 551]","[184527634, 12, 691663206]"
559,"Central amygdalar nucleus, medial part,CEAm","['medial part', 'CEAm']",1,"[128, 192, 226]","[997, 8, 567, 623, 477, 278, 536, 559]","[184527634, 12, 691663206]"
1105,"Intercalated amygdalar nucleus,IA",['IA'],1,"[128, 192, 226]","[997, 8, 567, 623, 477, 278, 1105]","[112905828, 691663206, 688152361, 687527945, 12, 184527634, 167587189]"
403,"Medial amygdalar nucleus,MEA",['MEA'],1,"[128, 192, 226]","[997, 8, 567, 623, 477, 278, 403]","[112905828, 691663206, 688152361, 10, 687527945, 12, 184527634, 167587189, 114512891]"
411,"Medial amygdalar nucleus, anterodorsal part,MEAad","['anterodorsal part', 'MEAad']",1,"[128, 192, 226]","[997, 8, 567, 623, 477, 278, 403, 411]",[12]
418,"Medial amygdalar nucleus, anteroventral part,MEAav","['anteroventral part', 'MEAav']",1,"[128, 192, 226]","[997, 8, 567, 623, 477, 278, 403, 418]",[12]
426,"Medial amygdalar nucleus, posterodorsal part,MEApd","['posterodorsal part', 'MEApd']",1,"[128, 192, 226]","[997, 8, 567, 623, 477, 278, 403, 426]",[12]
472,"Medial amygdalar nucleus, posterodorsal part, sublayer a,MEApd-a","['posterodorsal part', 'sublayer a', 'MEApd-a']",1,"[128, 192, 226]","[997, 8, 567, 623, 477, 278, 403, 426, 472]",[12]
480,"Medial amygdalar nucleus, posterodorsal part, sublayer b,MEApd-b","['posterodorsal part', 'sublayer b', 'MEApd-b']",1,"[128, 192, 226]","[997, 8, 567, 623, 477, 278, 403, 426, 480]",[12]
487,"Medial amygdalar nucleus, posterodorsal part, sublayer c,MEApd-c","['posterodorsal part', 'sublayer c', 'MEApd-c']",1,"[128, 192, 226]","[997, 8, 567, 623, 477, 278, 403, 426, 487]",[12]
435,"Medial amygdalar nucleus, posteroventral part,MEApv","['posteroventral part', 'MEApv']",1,"[128, 192, 226]","[997, 8, 567, 623, 477, 278, 403, 435]",[12]
803,"Pallidum,PAL",['PAL'],1,"[133, 153, 204]","[997, 8, 567, 623, 803]","[2, 112905828, 691663206, 12, 184527634, 112905813, 687527670, 114512891, 114512892]"
818,"Pallidum, dorsal region,PALd","['dorsal region', 'PALd']",1,"[133, 153, 204]","[997, 8, 567, 623, 803, 818]","[3, 112905828, 691663206, 12, 184527634, 112905813, 114512891, 114512892]"
1022,"Globus pallidus, external segment,GPe","['external segment', 'GPe']",1,"[133, 153, 204]","[997, 8, 567, 623, 803, 818, 1022]","[112905828, 691663206, 687527945, 688152362, 12, 184527634, 112905813, 167587189, 114512891, 114512892]"
1031,"Globus pallidus, internal segment,GPi","['internal segment', 'GPi']",1,"[133, 153, 204]","[997, 8, 567, 623, 803, 818, 1031]","[112905828, 691663206, 687527945, 688152362, 12, 184527634, 167587189, 112905813, 114512891]"
835,"Pallidum, ventral region,PALv","['ventral region', 'PALv']",1,"[162, 177, 216]","[997, 8, 567, 623, 803, 835]","[3, 112905828, 691663206, 12, 184527634, 112905813, 114512891, 114512892]"
342,"Substantia innominata,SI",['SI'],1,"[162, 177, 216]","[997, 8, 567, 623, 803, 835, 342]","[112905828, 691663206, 687527945, 688152362, 12, 184527634, 112905813, 167587189, 114512891, 114512892]"
298,"Magnocellular nucleus,MA",['MA'],1,"[162, 177, 216]","[997, 8, 567, 623, 803, 835, 298]","[112905828, 691663206, 687527945, 688152362, 12, 184527634, 167587189]"
826,"Pallidum, medial region,PALm","['medial region', 'PALm']",1,"[150, 167, 211]","[997, 8, 567, 623, 803, 826]","[3, 112905828, 691663206, 12, 184527634, 112905813, 114512891]"
904,"Medial septal complex,MSC",['MSC'],1,"[150, 167, 211]","[997, 8, 567, 623, 803, 826, 904]","[112905828, 691663206, 12, 184527634, 112905813, 114512891]"
564,"Medial septal nucleus,MS",['MS'],1,"[150, 167, 211]","[997, 8, 567, 623, 803, 826, 904, 564]","[112905828, 691663206, 687527945, 688152362, 12, 184527634, 167587189, 112905813, 114512891]"
596,"Diagonal band nucleus,NDB",['NDB'],1,"[150, 167, 211]","[997, 8, 567, 623, 803, 826, 904, 596]","[112905828, 691663206, 687527945, 688152362, 12, 184527634, 167587189, 114512891]"
581,"Triangular nucleus of septum,TRS",['TRS'],1,"[150, 167, 211]","[997, 8, 567, 623, 803, 826, 581]","[112905828, 691663206, 687527945, 10, 688152362, 12, 184527634, 112905813, 167587189, 114512891]"
809,"Pallidum, caudal region,PALc","['caudal region', 'PALc']",1,"[179, 192, 223]","[997, 8, 567, 623, 803, 809]","[3, 112905828, 691663206, 12, 184527634, 114512891]"
351,"Bed nuclei of the stria terminalis,BST",['BST'],1,"[179, 192, 223]","[997, 8, 567, 623, 803, 809, 351]","[112905828, 691663206, 687527945, 10, 688152362, 12, 184527634, 167587189, 114512891]"
359,"Bed nuclei of the stria terminalis, anterior division,BSTa","['anterior division', 'BSTa']",1,"[179, 192, 223]","[997, 8, 567, 623, 803, 809, 351, 359]",[12]
537,"Bed nuclei of the stria terminalis, anterior division, anterolateral area,BSTal","['anterior division', 'anterolateral area', 'BSTal']",1,"[179, 192, 223]","[997, 8, 567, 623, 803, 809, 351, 359, 537]",[12]
498,"Bed nuclei of the stria terminalis, anterior division, anteromedial area,BSTam","['anterior division', 'anteromedial area', 'BSTam']",1,"[179, 192, 223]","[997, 8, 567, 623, 803, 809, 351, 359, 498]",[12]
505,"Bed nuclei of the stria terminalis, anterior division, dorsomedial nucleus,BSTdm","['anterior division', 'dorsomedial nucleus', 'BSTdm']",1,"[179, 192, 223]","[997, 8, 567, 623, 803, 809, 351, 359, 505]",[12]
513,"Bed nuclei of the stria terminalis, anterior division, fusiform nucleus,BSTfu","['anterior division', 'fusiform nucleus', 'BSTfu']",1,"[179, 192, 223]","[997, 8, 567, 623, 803, 809, 351, 359, 513]",[12]
546,"Bed nuclei of the stria terminalis, anterior division, juxtacapsular nucleus,BSTju","['anterior division', 'juxtacapsular nucleus', 'BSTju']",1,"[179, 192, 223]","[997, 8, 567, 623, 803, 809, 351, 359, 546]",[12]
521,"Bed nuclei of the stria terminalis, anterior division, magnocellular nucleus,BSTmg","['anterior division', 'magnocellular nucleus', 'BSTmg']",1,"[179, 192, 223]","[997, 8, 567, 623, 803, 809, 351, 359, 521]",[12]
554,"Bed nuclei of the stria terminalis, anterior division, oval nucleus,BSTov","['anterior division', 'oval nucleus', 'BSTov']",1,"[179, 192, 223]","[997, 8, 567, 623, 803, 809, 351, 359, 554]",[12]
562,"Bed nuclei of the stria terminalis, anterior division, rhomboid nucleus,BSTrh","['anterior division', 'rhomboid nucleus', 'BSTrh']",1,"[179, 192, 223]","[997, 8, 567, 623, 803, 809, 351, 359, 562]",[12]
529,"Bed nuclei of the stria terminalis, anterior division, ventral nucleus,BSTv","['anterior division', 'ventral nucleus', 'BSTv']",1,"[179, 192, 223]","[997, 8, 567, 623, 803, 809, 351, 359, 529]",[12]
367,"Bed nuclei of the stria terminalis, posterior division,BSTp","['posterior division', 'BSTp']",1,"[179, 192, 223]","[997, 8, 567, 623, 803, 809, 351, 367]",[12]
569,"Bed nuclei of the stria terminalis, posterior division, dorsal nucleus,BSTd","['posterior division', 'dorsal nucleus', 'BSTd']",1,"[179, 192, 223]","[997, 8, 567, 623, 803, 809, 351, 367, 569]",[]
578,"Bed nuclei of the stria terminalis, posterior division, principal nucleus,BSTpr","['posterior division', 'principal nucleus', 'BSTpr']",1,"[179, 192, 223]","[997, 8, 567, 623, 803, 809, 351, 367, 578]",[12]
585,"Bed nuclei of the stria terminalis, posterior division, interfascicular nucleus,BSTif","['posterior division', 'interfascicular nucleus', 'BSTif']",1,"[179, 192, 223]","[997, 8, 567, 623, 803, 809, 351, 367, 585]",[12]
594,"Bed nuclei of the stria terminalis, posterior division, transverse nucleus,BSTtr","['posterior division', 'transverse nucleus', 'BSTtr']",1,"[179, 192, 223]","[997, 8, 567, 623, 803, 809, 351, 367, 594]",[12]
602,"Bed nuclei of the stria terminalis, posterior division, strial extension,BSTse","['posterior division', 'strial extension', 'BSTse']",1,"[179, 192, 223]","[997, 8, 567, 623, 803, 809, 351, 367, 602]",[12]
287,"Bed nucleus of the anterior commissure,BAC",['BAC'],1,"[179, 192, 223]","[997, 8, 567, 623, 803, 809, 287]","[112905828, 691663206, 687527945, 688152362, 12, 184527634, 167587189]"
343,"Brain stem,BS",['BS'],1,"[255, 112, 128]","[997, 8, 343]","[112905828, 691663206, 12, 184527634, 112905813, 114512891, 114512892]"
1129,"Interbrain,IB",['IB'],1,"[255, 112, 128]","[997, 8, 343, 1129]","[112905828, 691663206, 12, 184527634, 112905813, 114512891, 114512892]"
549,"Thalamus,TH",['TH'],1,"[255, 112, 128]","[997, 8, 343, 1129, 549]","[2, 112905828, 691663206, 12, 184527634, 112905813, 687527670, 114512891, 114512892]"
864,"Thalamus, sensory-motor cortex related,DORsm","['sensory-motor cortex related', 'DORsm']",1,"[255, 128, 132]","[997, 8, 343, 1129, 549, 864]","[3, 112905828, 691663206, 12, 184527634, 112905813, 114512891, 114512892]"
637,"Ventral group of the dorsal thalamus,VENT",['VENT'],1,"[255, 128, 132]","[997, 8, 343, 1129, 549, 864, 637]","[112905828, 691663206, 12, 184527634, 112905813, 114512891, 114512892]"
629,"Ventral anterior-lateral complex of the thalamus,VAL",['VAL'],1,"[255, 128, 132]","[997, 8, 343, 1129, 549, 864, 637, 629]","[112905828, 691663206, 687527945, 688152363, 12, 184527634, 167587189, 112905813, 114512891]"
685,"Ventral medial nucleus of the thalamus,VM",['VM'],1,"[255, 128, 132]","[997, 8, 343, 1129, 549, 864, 637, 685]","[112905828, 691663206, 687527945, 688152363, 12, 184527634, 167587189, 112905813, 114512891]"
709,"Ventral posterior complex of the thalamus,VP",['VP'],1,"[255, 128, 132]","[997, 8, 343, 1129, 549, 864, 637, 709]","[112905828, 691663206, 10, 12, 184527634, 112905813, 114512891, 114512892]"
718,"Ventral posterolateral nucleus of the thalamus,VPL",['VPL'],1,"[255, 128, 132]","[997, 8, 343, 1129, 549, 864, 637, 709, 718]","[112905828, 691663206, 687527945, 688152363, 12, 184527634, 167587189, 114512891]"
725,"Ventral posterolateral nucleus of the thalamus, parvicellular part,VPLpc","['parvicellular part', 'VPLpc']",1,"[255, 128, 132]","[997, 8, 343, 1129, 549, 864, 637, 709, 725]","[112905828, 691663206, 687527945, 688152363, 12, 184527634, 167587189]"
733,"Ventral posteromedial nucleus of the thalamus,VPM",['VPM'],1,"[255, 128, 132]","[997, 8, 343, 1129, 549, 864, 637, 709, 733]","[112905828, 691663206, 687527945, 688152363, 12, 184527634, 112905813, 167587189, 114512891, 114512892]"
741,"Ventral posteromedial nucleus of the thalamus, parvicellular part,VPMpc","['parvicellular part', 'VPMpc']",1,"[255, 128, 132]","[997, 8, 343, 1129, 549, 864, 637, 709, 741]","[112905828, 691663206, 687527945, 688152363, 12, 184527634, 167587189, 114512891]"
563807435,"Posterior triangular thalamic nucleus,PoT",['PoT'],1,"[255, 128, 132]","[997, 8, 343, 1129, 549, 864, 637, 563807435]","[112905828, 691663206, 688152363, 184527634, 167587189]"
406,"Subparafascicular nucleus,SPF",['SPF'],1,"[255, 128, 132]","[997, 8, 343, 1129, 549, 864, 406]","[112905828, 691663206, 12, 184527634, 114512891]"
414,"Subparafascicular nucleus, magnocellular part,SPFm","['magnocellular part', 'SPFm']",1,"[255, 128, 132]","[997, 8, 343, 1129, 549, 864, 406, 414]","[112905828, 691663206, 687527945, 688152363, 12, 184527634, 167587189, 114512891]"
422,"Subparafascicular nucleus, parvicellular part,SPFp","['parvicellular part', 'SPFp']",1,"[255, 128, 132]","[997, 8, 343, 1129, 549, 864, 406, 422]","[112905828, 691663206, 687527945, 688152363, 12, 184527634, 167587189]"
609,"Subparafascicular area,SPA",['SPA'],1,"[255, 128, 132]","[997, 8, 343, 1129, 549, 864, 609]","[112905828, 691663206, 687527945, 688152363, 12, 184527634, 167587189]"
1044,"Peripeduncular nucleus,PP",['PP'],1,"[255, 128, 132]","[997, 8, 343, 1129, 549, 864, 1044]","[112905828, 691663206, 687527945, 688152363, 12, 184527634, 167587189]"
1008,"Geniculate group, dorsal thalamus,GENd","['dorsal thalamus', 'GENd']",1,"[255, 128, 132]","[997, 8, 343, 1129, 549, 864, 1008]","[112905828, 691663206, 12, 184527634, 112905813, 114512891]"
475,"Medial geniculate complex,MG",['MG'],1,"[255, 128, 132]","[997, 8, 343, 1129, 549, 864, 1008, 475]","[112905828, 691663206, 687527945, 688152363, 12, 184527634, 167587189, 114512891]"
1072,"Medial geniculate complex, dorsal part,MGd","['dorsal part', 'MGd']",1,"[255, 128, 132]","[997, 8, 343, 1129, 549, 864, 1008, 475, 1072]","[184527634, 12, 691663206]"
1079,"Medial geniculate complex, ventral part,MGv","['ventral part', 'MGv']",1,"[255, 128, 132]","[997, 8, 343, 1129, 549, 864, 1008, 475, 1079]","[184527634, 12, 691663206]"
1088,"Medial geniculate complex, medial part,MGm","['medial part', 'MGm']",1,"[255, 128, 132]","[997, 8, 343, 1129, 549, 864, 1008, 475, 1088]","[184527634, 12, 691663206]"
170,"Dorsal part of the lateral geniculate complex,LGd",['LGd'],1,"[255, 128, 132]","[997, 8, 343, 1129, 549, 864, 1008, 170]","[112905828, 691663206, 687527945, 688152363, 12, 184527634, 167587189, 112905813, 114512891]"
496345664,"Dorsal part of the lateral geniculate complex, shell,LGd-sh","['shell', 'LGd-sh']",1,"[255, 128, 132]","[997, 8, 343, 1129, 549, 864, 1008, 170, 496345664]","[184527634, 691663206]"
496345668,"Dorsal part of the lateral geniculate complex, core,LGd-co","['core', 'LGd-co']",1,"[255, 128, 132]","[997, 8, 343, 1129, 549, 864, 1008, 170, 496345668]","[184527634, 691663206]"
496345672,"Dorsal part of the lateral geniculate complex, ipsilateral zone,LGd-ip","['ipsilateral zone', 'LGd-ip']",1,"[255, 128, 132]","[997, 8, 343, 1129, 549, 864, 1008, 170, 496345672]","[184527634, 691663206]"
856,"Thalamus, polymodal association cortex related,DORpm","['polymodal association cortex related', 'DORpm']",1,"[255, 144, 159]","[997, 8, 343, 1129, 549, 856]","[3, 112905828, 691663206, 12, 184527634, 112905813, 114512891, 114512892]"
138,"Lateral group of the dorsal thalamus,LAT",['LAT'],1,"[255, 144, 159]","[997, 8, 343, 1129, 549, 856, 138]","[112905828, 691663206, 12, 184527634, 112905813, 114512891, 114512892]"
218,"Lateral posterior nucleus of the thalamus,LP",['LP'],1,"[255, 144, 159]","[997, 8, 343, 1129, 549, 856, 138, 218]","[112905828, 691663206, 687527945, 688152363, 12, 184527634, 112905813, 167587189, 114512891, 114512892]"
1020,"Posterior complex of the thalamus,PO",['PO'],1,"[255, 144, 159]","[997, 8, 343, 1129, 549, 856, 138, 1020]","[112905828, 691663206, 687527945, 688152363, 12, 184527634, 112905813, 167587189, 114512891, 114512892]"
1029,"Posterior limiting nucleus of the thalamus,POL",['POL'],1,"[255, 144, 159]","[997, 8, 343, 1129, 549, 856, 138, 1029]","[112905828, 691663206, 687527945, 688152363, 12, 184527634, 167587189, 112905813]"
325,"Suprageniculate nucleus,SGN",['SGN'],1,"[255, 144, 159]","[997, 8, 343, 1129, 549, 856, 138, 325]","[112905828, 691663206, 687527945, 688152363, 12, 184527634, 167587189, 114512891]"
560581551,"Ethmoid nucleus of the thalamus,Eth",['Eth'],1,"[255, 144, 159]","[997, 8, 343, 1129, 549, 856, 138, 560581551]","[184527634, 691663206]"
560581555,"Retroethmoid nucleus,REth",['REth'],1,"[255, 144, 159]","[997, 8, 343, 1129, 549, 856, 138, 560581555]",[]
239,"Anterior group of the dorsal thalamus,ATN",['ATN'],1,"[255, 144, 159]","[997, 8, 343, 1129, 549, 856, 239]","[112905828, 691663206, 12, 184527634, 112905813, 114512891]"
255,"Anteroventral nucleus of thalamus,AV",['AV'],1,"[255, 144, 159]","[997, 8, 343, 1129, 549, 856, 239, 255]","[112905828, 691663206, 687527945, 688152363, 12, 184527634, 167587189, 114512891]"
127,"Anteromedial nucleus,AM",['AM'],1,"[255, 144, 159]","[997, 8, 343, 1129, 549, 856, 239, 127]","[112905828, 691663206, 687527945, 688152363, 12, 184527634, 167587189, 114512891]"
1096,"Anteromedial nucleus, dorsal part,AMd","['dorsal part', 'AMd']",1,"[255, 144, 159]","[997, 8, 343, 1129, 549, 856, 239, 127, 1096]","[184527634, 12, 691663206]"
1104,"Anteromedial nucleus, ventral part,AMv","['ventral part', 'AMv']",1,"[255, 144, 159]","[997, 8, 343, 1129, 549, 856, 239, 127, 1104]","[184527634, 12, 691663206]"
64,"Anterodorsal nucleus,AD",['AD'],1,"[255, 144, 159]","[997, 8, 343, 1129, 549, 856, 239, 64]","[112905828, 691663206, 687527945, 10, 688152363, 12, 184527634, 167587189, 114512891]"
1120,"Interanteromedial nucleus of the thalamus,IAM",['IAM'],1,"[255, 144, 159]","[997, 8, 343, 1129, 549, 856, 239, 1120]","[112905828, 691663206, 687527945, 688152363, 12, 184527634, 167587189]"
1113,"Interanterodorsal nucleus of the thalamus,IAD",['IAD'],1,"[255, 144, 159]","[997, 8, 343, 1129, 549, 856, 239, 1113]","[112905828, 691663206, 687527945, 688152363, 12, 184527634, 167587189, 114512891]"
155,"Lateral dorsal nucleus of thalamus,LD",['LD'],1,"[255, 144, 159]","[997, 8, 343, 1129, 549, 856, 239, 155]","[112905828, 691663206, 687527945, 688152363, 12, 184527634, 167587189, 112905813, 114512891]"
444,"Medial group of the dorsal thalamus,MED",['MED'],1,"[255, 144, 159]","[997, 8, 343, 1129, 549, 856, 444]","[112905828, 691663206, 12, 184527634, 114512891]"
59,"Intermediodorsal nucleus of the thalamus,IMD",['IMD'],1,"[255, 144, 159]","[997, 8, 343, 1129, 549, 856, 444, 59]","[112905828, 691663206, 687527945, 688152363, 12, 184527634, 167587189, 114512891]"
362,"Mediodorsal nucleus of thalamus,MD",['MD'],1,"[255, 144, 159]","[997, 8, 343, 1129, 549, 856, 444, 362]","[112905828, 691663206, 687527945, 688152363, 12, 184527634, 167587189, 114512891]"
617,"Mediodorsal nucleus of the thalamus, central part,MDc","['central part', 'MDc']",1,"[255, 144, 159]","[997, 8, 343, 1129, 549, 856, 444, 362, 617]",[12]
626,"Mediodorsal nucleus of the thalamus, lateral part,MDl","['lateral part', 'MDl']",1,"[255, 144, 159]","[997, 8, 343, 1129, 549, 856, 444, 362, 626]",[12]
636,"Mediodorsal nucleus of the thalamus, medial part,MDm","['medial part', 'MDm']",1,"[255, 144, 159]","[997, 8, 343, 1129, 549, 856, 444, 362, 636]",[12]
366,"Submedial nucleus of the thalamus,SMT",['SMT'],1,"[255, 144, 159]","[997, 8, 343, 1129, 549, 856, 444, 366]","[112905828, 691663206, 687527945, 688152363, 12, 184527634, 167587189, 114512891]"
1077,"Perireunensis nucleus,PR",['PR'],1,"[255, 144, 159]","[997, 8, 343, 1129, 549, 856, 444, 1077]","[112905828, 691663206, 687527945, 688152363, 12, 184527634, 167587189, 114512891]"
571,"Midline group of the dorsal thalamus,MTN",['MTN'],1,"[255, 144, 159]","[997, 8, 343, 1129, 549, 856, 571]","[112905828, 691663206, 12, 184527634, 114512891]"
149,"Paraventricular nucleus of the thalamus,PVT",['PVT'],1,"[255, 144, 159]","[997, 8, 343, 1129, 549, 856, 571, 149]","[112905828, 691663206, 687527945, 10, 688152363, 12, 184527634, 167587189, 114512891]"
15,"Parataenial nucleus,PT",['PT'],1,"[255, 144, 159]","[997, 8, 343, 1129, 549, 856, 571, 15]","[112905828, 691663206, 687527945, 688152363, 12, 184527634, 167587189, 114512891]"
181,"Nucleus of reuniens,RE",['RE'],1,"[255, 144, 159]","[997, 8, 343, 1129, 549, 856, 571, 181]","[112905828, 691663206, 687527945, 10, 688152363, 12, 184527634, 167587189, 114512891]"
560581559,"Xiphoid thalamic nucleus,Xi",['Xi'],1,"[255, 144, 159]","[997, 8, 343, 1129, 549, 856, 571, 560581559]","[112905828, 691663206, 688152363, 184527634, 167587189]"
51,"Intralaminar nuclei of the dorsal thalamus,ILM",['ILM'],1,"[255, 144, 159]","[997, 8, 343, 1129, 549, 856, 51]","[112905828, 691663206, 12, 184527634, 114512891]"
189,"Rhomboid nucleus,RH",['RH'],1,"[255, 144, 159]","[997, 8, 343, 1129, 549, 856, 51, 189]","[112905828, 691663206, 687527945, 688152363, 12, 184527634, 167587189]"
599,"Central medial nucleus of the thalamus,CM",['CM'],1,"[255, 144, 159]","[997, 8, 343, 1129, 549, 856, 51, 599]","[112905828, 691663206, 687527945, 688152363, 12, 184527634, 167587189, 114512891]"
907,"Paracentral nucleus,PCN",['PCN'],1,"[255, 144, 159]","[997, 8, 343, 1129, 549, 856, 51, 907]","[112905828, 691663206, 687527945, 688152363, 12, 184527634, 167587189, 114512891]"
575,"Central lateral nucleus of the thalamus,CL",['CL'],1,"[255, 144, 159]","[997, 8, 343, 1129, 549, 856, 51, 575]","[112905828, 691663206, 687527945, 688152363, 12, 184527634, 167587189]"
930,"Parafascicular nucleus,PF",['PF'],1,"[255, 144, 159]","[997, 8, 343, 1129, 549, 856, 51, 930]","[112905828, 691663206, 687527945, 10, 688152363, 12, 184527634, 167587189, 114512891]"
560581563,"Posterior intralaminar thalamic nucleus,PIL",['PIL'],1,"[255, 144, 159]","[997, 8, 343, 1129, 549, 856, 51, 560581563]","[112905828, 691663206, 688152363, 184527634, 167587189, 114512891]"
262,"Reticular nucleus of the thalamus,RT",['RT'],1,"[255, 144, 159]","[997, 8, 343, 1129, 549, 856, 262]","[112905828, 691663206, 687527945, 10, 688152363, 12, 184527634, 167587189, 114512891]"
1014,"Geniculate group, ventral thalamus,GENv","['ventral thalamus', 'GENv']",1,"[255, 144, 159]","[997, 8, 343, 1129, 549, 856, 1014]","[112905828, 691663206, 12, 184527634, 114512891]"
27,"Intergeniculate leaflet of the lateral geniculate complex,IGL",['IGL'],1,"[255, 144, 159]","[997, 8, 343, 1129, 549, 856, 1014, 27]","[112905828, 691663206, 687527945, 688152363, 12, 184527634, 167587189]"
563807439,"Intermediate geniculate nucleus,IntG",['IntG'],1,"[255, 144, 159]","[997, 8, 343, 1129, 549, 856, 1014, 563807439]","[112905828, 691663206, 688152363, 184527634, 167587189]"
178,"Ventral part of the lateral geniculate complex,LGv",['LGv'],1,"[255, 144, 159]","[997, 8, 343, 1129, 549, 856, 1014, 178]","[112905828, 691663206, 687527945, 688152363, 12, 184527634, 167587189, 114512891]"
300,"Ventral part of the lateral geniculate complex, lateral zone,LGvl","['lateral zone', 'LGvl']",1,"[255, 144, 159]","[997, 8, 343, 1129, 549, 856, 1014, 178, 300]",[]
316,"Ventral part of the lateral geniculate complex, medial zone,LGvm","['medial zone', 'LGvm']",1,"[255, 144, 159]","[997, 8, 343, 1129, 549, 856, 1014, 178, 316]",[]
321,"Subgeniculate nucleus,SubG",['SubG'],1,"[255, 144, 159]","[997, 8, 343, 1129, 549, 856, 1014, 321]","[112905828, 691663206, 687527945, 688152363, 12, 184527634, 167587189]"
958,"Epithalamus,EPI",['EPI'],1,"[255, 144, 159]","[997, 8, 343, 1129, 549, 856, 958]","[112905828, 691663206, 12, 184527634, 114512891]"
483,"Medial habenula,MH",['MH'],1,"[255, 144, 159]","[997, 8, 343, 1129, 549, 856, 958, 483]","[112905828, 691663206, 687527945, 10, 688152363, 12, 184527634, 167587189, 114512891]"
186,"Lateral habenula,LH",['LH'],1,"[255, 144, 159]","[997, 8, 343, 1129, 549, 856, 958, 186]","[112905828, 691663206, 687527945, 688152363, 12, 184527634, 167587189, 114512891]"
953,"Pineal body,PIN",['PIN'],1,"[255, 144, 159]","[997, 8, 343, 1129, 549, 856, 958, 953]",[]
1097,"Hypothalamus,HY",['HY'],1,"[230, 68, 56]","[997, 8, 343, 1129, 1097]","[2, 112905828, 691663206, 12, 184527634, 112905813, 687527670, 114512891, 114512892]"
157,"Periventricular zone,PVZ",['PVZ'],1,"[255, 93, 80]","[997, 8, 343, 1129, 1097, 157]","[3, 112905828, 691663206, 12, 184527634, 114512891]"
390,"Supraoptic nucleus,SO",['SO'],1,"[255, 93, 80]","[997, 8, 343, 1129, 1097, 157, 390]","[112905828, 691663206, 687527945, 12, 688152364, 184527634, 167587189, 114512891]"
332,"Accessory supraoptic group,ASO",['ASO'],1,"[255, 93, 80]","[997, 8, 343, 1129, 1097, 157, 332]","[112905828, 691663206, 687527945, 688152364, 184527634, 167587189]"
432,"Nucleus circularis,NC",['NC'],1,"[255, 93, 80]","[997, 8, 343, 1129, 1097, 157, 332, 432]",[]
38,"Paraventricular hypothalamic nucleus,PVH",['PVH'],1,"[255, 93, 80]","[997, 8, 343, 1129, 1097, 157, 38]","[112905828, 691663206, 687527945, 10, 12, 688152364, 184527634, 167587189, 114512891]"
71,"Paraventricular hypothalamic nucleus, magnocellular division,PVHm","['magnocellular division', 'PVHm']",1,"[255, 93, 80]","[997, 8, 343, 1129, 1097, 157, 38, 71]",[12]
47,"Paraventricular hypothalamic nucleus, magnocellular division, anterior magnocellular part,PVHam","['magnocellular division', 'anterior magnocellular part', 'PVHam']",1,"[255, 93, 80]","[997, 8, 343, 1129, 1097, 157, 38, 71, 47]",[]
79,"Paraventricular hypothalamic nucleus, magnocellular division, medial magnocellular part,PVHmm","['magnocellular division', 'medial magnocellular part', 'PVHmm']",1,"[255, 93, 80]","[997, 8, 343, 1129, 1097, 157, 38, 71, 79]",[12]
103,"Paraventricular hypothalamic nucleus, magnocellular division, posterior magnocellular part,PVHpm","['magnocellular division', 'posterior magnocellular part', 'PVHpm']",1,"[255, 93, 80]","[997, 8, 343, 1129, 1097, 157, 38, 71, 103]",[12]
652,"Paraventricular hypothalamic nucleus, magnocellular division, posterior magnocellular part, lateral zone,PVHpml","['magnocellular division', 'posterior magnocellular part', 'lateral zone', 'PVHpml']",1,"[255, 93, 80]","[997, 8, 343, 1129, 1097, 157, 38, 71, 103, 652]",[12]
660,"Paraventricular hypothalamic nucleus, magnocellular division, posterior magnocellular part, medial zone,PVHpmm","['magnocellular division', 'posterior magnocellular part', 'medial zone', 'PVHpmm']",1,"[255, 93, 80]","[997, 8, 343, 1129, 1097, 157, 38, 71, 103, 660]",[]
94,"Paraventricular hypothalamic nucleus, parvicellular division,PVHp","['parvicellular division', 'PVHp']",1,"[255, 93, 80]","[997, 8, 343, 1129, 1097, 157, 38, 94]",[12]
55,"Paraventricular hypothalamic nucleus, parvicellular division, anterior parvicellular part,PVHap","['parvicellular division', 'anterior parvicellular part', 'PVHap']",1,"[255, 93, 80]","[997, 8, 343, 1129, 1097, 157, 38, 94, 55]",[12]
87,"Paraventricular hypothalamic nucleus, parvicellular division, medial parvicellular part, dorsal zone,PVHmpd","['parvicellular division', 'medial parvicellular part', 'dorsal zone', 'PVHmpd']",1,"[255, 93, 80]","[997, 8, 343, 1129, 1097, 157, 38, 94, 87]",[12]
110,"Paraventricular hypothalamic nucleus, parvicellular division, periventricular part,PVHpv","['parvicellular division', 'periventricular part', 'PVHpv']",1,"[255, 93, 80]","[997, 8, 343, 1129, 1097, 157, 38, 94, 110]",[12]
30,"Periventricular hypothalamic nucleus, anterior part,PVa","['anterior part', 'PVa']",1,"[255, 93, 80]","[997, 8, 343, 1129, 1097, 157, 30]","[112905828, 691663206, 687527945, 12, 688152364, 184527634, 167587189]"
118,"Periventricular hypothalamic nucleus, intermediate part,PVi","['intermediate part', 'PVi']",1,"[255, 93, 80]","[997, 8, 343, 1129, 1097, 157, 118]","[112905828, 691663206, 687527945, 12, 688152364, 184527634, 167587189]"
223,"Arcuate hypothalamic nucleus,ARH",['ARH'],1,"[255, 93, 80]","[997, 8, 343, 1129, 1097, 157, 223]","[112905828, 691663206, 687527945, 10, 12, 688152364, 184527634, 167587189, 114512891]"
141,"Periventricular region,PVR",['PVR'],1,"[255, 85, 71]","[997, 8, 343, 1129, 1097, 141]","[3, 112905828, 691663206, 12, 184527634, 114512891]"
72,"Anterodorsal preoptic nucleus,ADP",['ADP'],1,"[255, 85, 71]","[997, 8, 343, 1129, 1097, 141, 72]","[112905828, 691663206, 687527945, 12, 688152364, 184527634, 167587189, 114512891]"
80,"Anterior hypothalamic area,AHA",['AHA'],1,"[255, 85, 71]","[997, 8, 343, 1129, 1097, 141, 80]",[]
263,"Anteroventral preoptic nucleus,AVP",['AVP'],1,"[255, 85, 71]","[997, 8, 343, 1129, 1097, 141, 263]","[112905828, 691663206, 687527945, 12, 688152364, 184527634, 167587189]"
272,"Anteroventral periventricular nucleus,AVPV",['AVPV'],1,"[255, 85, 71]","[997, 8, 343, 1129, 1097, 141, 272]","[112905828, 691663206, 687527945, 12, 688152364, 184527634, 167587189, 114512891]"
830,"Dorsomedial nucleus of the hypothalamus,DMH",['DMH'],1,"[255, 85, 71]","[997, 8, 343, 1129, 1097, 141, 830]","[112905828, 691663206, 687527945, 12, 688152364, 184527634, 167587189, 114512891]"
668,"Dorsomedial nucleus of the hypothalamus, anterior part,DMHa","['anterior part', 'DMHa']",1,"[255, 85, 71]","[997, 8, 343, 1129, 1097, 141, 830, 668]",[12]
676,"Dorsomedial nucleus of the hypothalamus, posterior part,DMHp","['posterior part', 'DMHp']",1,"[255, 85, 71]","[997, 8, 343, 1129, 1097, 141, 830, 676]",[12]
684,"Dorsomedial nucleus of the hypothalamus, ventral part,DMHv","['ventral part', 'DMHv']",1,"[255, 85, 71]","[997, 8, 343, 1129, 1097, 141, 830, 684]",[12]
452,"Median preoptic nucleus,MEPO",['MEPO'],1,"[255, 85, 71]","[997, 8, 343, 1129, 1097, 141, 452]","[112905828, 691663206, 687527945, 12, 688152364, 184527634, 167587189]"
523,"Medial preoptic area,MPO",['MPO'],1,"[255, 85, 71]","[997, 8, 343, 1129, 1097, 141, 523]","[112905828, 691663206, 687527945, 12, 688152364, 184527634, 167587189, 114512891]"
763,"Vascular organ of the lamina terminalis,OV",['OV'],1,"[255, 85, 71]","[997, 8, 343, 1129, 1097, 141, 763]","[112905828, 691663206, 687527945, 688152364, 184527634, 167587189]"
914,"Posterodorsal preoptic nucleus,PD",['PD'],1,"[255, 85, 71]","[997, 8, 343, 1129, 1097, 141, 914]","[112905828, 691663206, 687527945, 12, 688152364, 184527634, 167587189]"
1109,"Parastrial nucleus,PS",['PS'],1,"[255, 85, 71]","[997, 8, 343, 1129, 1097, 141, 1109]","[112905828, 691663206, 687527945, 12, 688152364, 184527634, 167587189]"
1124,"Suprachiasmatic preoptic nucleus,PSCH",['PSCH'],1,"[255, 85, 71]","[997, 8, 343, 1129, 1097, 141, 1124]",[]
126,"Periventricular hypothalamic nucleus, posterior part,PVp","['posterior part', 'PVp']",1,"[255, 85, 71]","[997, 8, 343, 1129, 1097, 141, 126]","[112905828, 691663206, 687527945, 12, 688152364, 184527634, 167587189, 114512891]"
133,"Periventricular hypothalamic nucleus, preoptic part,PVpo","['preoptic part', 'PVpo']",1,"[255, 85, 71]","[997, 8, 343, 1129, 1097, 141, 133]","[112905828, 691663206, 687527945, 12, 688152364, 184527634, 167587189]"
347,"Subparaventricular zone,SBPV",['SBPV'],1,"[255, 85, 71]","[997, 8, 343, 1129, 1097, 141, 347]","[112905828, 691663206, 687527945, 12, 688152364, 184527634, 167587189, 114512891]"
286,"Suprachiasmatic nucleus,SCH",['SCH'],1,"[255, 85, 71]","[997, 8, 343, 1129, 1097, 141, 286]","[112905828, 691663206, 687527945, 10, 12, 688152364, 184527634, 167587189, 114512891]"
338,"Subfornical organ,SFO",['SFO'],1,"[255, 85, 71]","[997, 8, 343, 1129, 1097, 141, 338]","[691663206, 687527945, 688152364, 184527634, 167587189]"
576073699,"Ventromedial preoptic nucleus,VMPO",['VMPO'],1,"[255, 85, 71]","[997, 8, 343, 1129, 1097, 141, 576073699]","[112905828, 691663206, 688152364, 184527634, 167587189]"
689,"Ventrolateral preoptic nucleus,VLPO",['VLPO'],1,"[255, 85, 71]","[997, 8, 343, 1129, 1097, 141, 689]","[112905828, 691663206, 687527945, 12, 688152364, 184527634, 167587189]"
467,"Hypothalamic medial zone,MEZ",['MEZ'],1,"[255, 76, 62]","[997, 8, 343, 1129, 1097, 467]","[3, 112905828, 691663206, 12, 184527634, 114512891]"
88,"Anterior hypothalamic nucleus,AHN",['AHN'],1,"[255, 76, 62]","[997, 8, 343, 1129, 1097, 467, 88]","[112905828, 691663206, 687527945, 12, 688152364, 184527634, 167587189, 114512891]"
700,"Anterior hypothalamic nucleus, anterior part,AHNa","['anterior part', 'AHNa']",1,"[255, 76, 62]","[997, 8, 343, 1129, 1097, 467, 88, 700]",[12]
708,"Anterior hypothalamic nucleus, central part,AHNc","['central part', 'AHNc']",1,"[255, 76, 62]","[997, 8, 343, 1129, 1097, 467, 88, 708]",[12]
716,"Anterior hypothalamic nucleus, dorsal part,AHNd","['dorsal part', 'AHNd']",1,"[255, 76, 62]","[997, 8, 343, 1129, 1097, 467, 88, 716]",[]
724,"Anterior hypothalamic nucleus, posterior part,AHNp","['posterior part', 'AHNp']",1,"[255, 76, 62]","[997, 8, 343, 1129, 1097, 467, 88, 724]",[12]
331,"Mammillary body,MBO",['MBO'],1,"[255, 76, 62]","[997, 8, 343, 1129, 1097, 467, 331]","[112905828, 691663206, 12, 184527634, 114512891]"
210,"Lateral mammillary nucleus,LM",['LM'],1,"[255, 76, 62]","[997, 8, 343, 1129, 1097, 467, 331, 210]","[112905828, 691663206, 687527945, 12, 688152364, 184527634, 167587189, 114512891]"
491,"Medial mammillary nucleus,MM",['MM'],1,"[255, 76, 62]","[997, 8, 343, 1129, 1097, 467, 331, 491]","[112905828, 691663206, 687527945, 12, 688152364, 184527634, 167587189, 114512891]"
732,"Medial mammillary nucleus, median part,MMme","['median part', 'MMme']",1,"[255, 76, 62]","[997, 8, 343, 1129, 1097, 467, 331, 491, 732]","[184527634, 12, 691663206]"
606826647,"Medial mammillary nucleus, lateral part,MMl","['lateral part', 'MMl']",1,"[255, 76, 62]","[997, 8, 343, 1129, 1097, 467, 331, 491, 606826647]","[184527634, 691663206]"
606826651,"Medial mammillary nucleus, medial part,MMm","['medial part', 'MMm']",1,"[255, 76, 62]","[997, 8, 343, 1129, 1097, 467, 331, 491, 606826651]","[184527634, 691663206]"
606826655,"Medial mammillary nucleus, posterior part,MMp","['posterior part', 'MMp']",1,"[255, 76, 62]","[997, 8, 343, 1129, 1097, 467, 331, 491, 606826655]","[184527634, 691663206]"
606826659,"Medial mammillary nucleus, dorsal part,MMd","['dorsal part', 'MMd']",1,"[255, 76, 62]","[997, 8, 343, 1129, 1097, 467, 331, 491, 606826659]","[184527634, 691663206]"
525,"Supramammillary nucleus,SUM",['SUM'],1,"[255, 76, 62]","[997, 8, 343, 1129, 1097, 467, 331, 525]","[112905828, 691663206, 687527945, 12, 688152364, 184527634, 167587189, 114512891]"
1110,"Supramammillary nucleus, lateral part,SUMl","['lateral part', 'SUMl']",1,"[255, 76, 62]","[997, 8, 343, 1129, 1097, 467, 331, 525, 1110]",[12]
1118,"Supramammillary nucleus, medial part,SUMm","['medial part', 'SUMm']",1,"[255, 76, 62]","[997, 8, 343, 1129, 1097, 467, 331, 525, 1118]",[12]
557,"Tuberomammillary nucleus,TM",['TM'],1,"[255, 76, 62]","[997, 8, 343, 1129, 1097, 467, 331, 557]","[112905828, 691663206, 12, 184527634, 114512891]"
1126,"Tuberomammillary nucleus, dorsal part,TMd","['dorsal part', 'TMd']",1,"[255, 76, 62]","[997, 8, 343, 1129, 1097, 467, 331, 557, 1126]","[112905828, 691663206, 687527945, 12, 688152364, 184527634, 167587189]"
1,"Tuberomammillary nucleus, ventral part,TMv","['ventral part', 'TMv']",1,"[255, 76, 62]","[997, 8, 343, 1129, 1097, 467, 331, 557, 1]","[112905828, 691663206, 687527945, 12, 688152364, 184527634, 167587189, 114512891]"
515,"Medial preoptic nucleus,MPN",['MPN'],1,"[255, 76, 62]","[997, 8, 343, 1129, 1097, 467, 515]","[112905828, 691663206, 687527945, 12, 688152364, 184527634, 167587189, 114512891]"
740,"Medial preoptic nucleus, central part,MPNc","['central part', 'MPNc']",1,"[255, 76, 62]","[997, 8, 343, 1129, 1097, 467, 515, 740]",[]
748,"Medial preoptic nucleus, lateral part,MPNl","['lateral part', 'MPNl']",1,"[255, 76, 62]","[997, 8, 343, 1129, 1097, 467, 515, 748]",[12]
756,"Medial preoptic nucleus, medial part,MPNm","['medial part', 'MPNm']",1,"[255, 76, 62]","[997, 8, 343, 1129, 1097, 467, 515, 756]",[12]
980,"Dorsal premammillary nucleus,PMd",['PMd'],1,"[255, 76, 62]","[997, 8, 343, 1129, 1097, 467, 980]","[112905828, 691663206, 687527945, 12, 688152364, 184527634, 167587189]"
1004,"Ventral premammillary nucleus,PMv",['PMv'],1,"[255, 76, 62]","[997, 8, 343, 1129, 1097, 467, 1004]","[112905828, 691663206, 687527945, 12, 688152364, 184527634, 167587189, 114512891]"
63,"Paraventricular hypothalamic nucleus, descending division,PVHd","['descending division', 'PVHd']",1,"[255, 76, 62]","[997, 8, 343, 1129, 1097, 467, 63]","[112905828, 691663206, 687527945, 12, 688152364, 184527634, 167587189, 114512891]"
439,"Paraventricular hypothalamic nucleus, descending division, dorsal parvicellular part,PVHdp","['descending division', 'dorsal parvicellular part', 'PVHdp']",1,"[255, 76, 62]","[997, 8, 343, 1129, 1097, 467, 63, 439]",[]
447,"Paraventricular hypothalamic nucleus, descending division, forniceal part,PVHf","['descending division', 'forniceal part', 'PVHf']",1,"[255, 76, 62]","[997, 8, 343, 1129, 1097, 467, 63, 447]",[]
455,"Paraventricular hypothalamic nucleus, descending division, lateral parvicellular part,PVHlp","['descending division', 'lateral parvicellular part', 'PVHlp']",1,"[255, 76, 62]","[997, 8, 343, 1129, 1097, 467, 63, 455]",[12]
464,"Paraventricular hypothalamic nucleus, descending division, medial parvicellular part, ventral zone,PVHmpv","['descending division', 'medial parvicellular part', 'ventral zone', 'PVHmpv']",1,"[255, 76, 62]","[997, 8, 343, 1129, 1097, 467, 63, 464]",[]
693,"Ventromedial hypothalamic nucleus,VMH",['VMH'],1,"[255, 76, 62]","[997, 8, 343, 1129, 1097, 467, 693]","[112905828, 691663206, 687527945, 10, 12, 688152364, 184527634, 167587189, 114512891]"
761,"Ventromedial hypothalamic nucleus, anterior part,VMHa","['anterior part', 'VMHa']",1,"[255, 76, 62]","[997, 8, 343, 1129, 1097, 467, 693, 761]",[12]
769,"Ventromedial hypothalamic nucleus, central part,VMHc","['central part', 'VMHc']",1,"[255, 76, 62]","[997, 8, 343, 1129, 1097, 467, 693, 769]",[12]
777,"Ventromedial hypothalamic nucleus, dorsomedial part,VMHdm","['dorsomedial part', 'VMHdm']",1,"[255, 76, 62]","[997, 8, 343, 1129, 1097, 467, 693, 777]",[12]
785,"Ventromedial hypothalamic nucleus, ventrolateral part,VMHvl","['ventrolateral part', 'VMHvl']",1,"[255, 76, 62]","[997, 8, 343, 1129, 1097, 467, 693, 785]",[12]
946,"Posterior hypothalamic nucleus,PH",['PH'],1,"[255, 76, 62]","[997, 8, 343, 1129, 1097, 467, 946]","[112905828, 691663206, 687527945, 12, 688152364, 184527634, 167587189, 114512891]"
290,"Hypothalamic lateral zone,LZ",['LZ'],1,"[242, 72, 59]","[997, 8, 343, 1129, 1097, 290]","[3, 112905828, 691663206, 12, 184527634, 112905813, 114512891, 114512892]"
194,"Lateral hypothalamic area,LHA",['LHA'],1,"[242, 72, 59]","[997, 8, 343, 1129, 1097, 290, 194]","[112905828, 691663206, 687527945, 12, 688152364, 184527634, 112905813, 167587189, 114512891, 114512892]"
226,"Lateral preoptic area,LPO",['LPO'],1,"[242, 72, 59]","[997, 8, 343, 1129, 1097, 290, 226]","[112905828, 691663206, 687527945, 12, 688152364, 184527634, 167587189, 114512891]"
356,"Preparasubthalamic nucleus,PST",['PST'],1,"[242, 72, 59]","[997, 8, 343, 1129, 1097, 290, 356]","[112905828, 691663206, 687527945, 688152364, 184527634, 167587189]"
364,"Parasubthalamic nucleus,PSTN",['PSTN'],1,"[242, 72, 59]","[997, 8, 343, 1129, 1097, 290, 364]","[112905828, 691663206, 687527945, 12, 688152364, 184527634, 167587189, 114512891]"
576073704,"Perifornical nucleus,PeF",['PeF'],1,"[242, 72, 59]","[997, 8, 343, 1129, 1097, 290, 576073704]","[112905828, 691663206, 688152364, 184527634, 167587189]"
173,"Retrochiasmatic area,RCH",['RCH'],1,"[242, 72, 59]","[997, 8, 343, 1129, 1097, 290, 173]","[112905828, 691663206, 687527945, 12, 688152364, 184527634, 167587189]"
470,"Subthalamic nucleus,STN",['STN'],1,"[242, 72, 59]","[997, 8, 343, 1129, 1097, 290, 470]","[112905828, 691663206, 687527945, 10, 12, 688152364, 184527634, 167587189, 114512891]"
614,"Tuberal nucleus,TU",['TU'],1,"[242, 72, 59]","[997, 8, 343, 1129, 1097, 290, 614]","[112905828, 691663206, 687527945, 12, 688152364, 184527634, 167587189, 114512891]"
797,"Zona incerta,ZI",['ZI'],1,"[242, 72, 59]","[997, 8, 343, 1129, 1097, 290, 797]","[112905828, 691663206, 687527945, 10, 12, 688152364, 184527634, 112905813, 167587189, 114512891, 114512892]"
796,"Dopaminergic A13 group,A13",['A13'],1,"[242, 72, 59]","[997, 8, 343, 1129, 1097, 290, 797, 796]",[12]
804,"Fields of Forel,FF",['FF'],1,"[242, 72, 59]","[997, 8, 343, 1129, 1097, 290, 797, 804]","[184527634, 12, 691663206]"
10671,"Median eminence,ME",['ME'],1,"[242, 72, 59]","[997, 8, 343, 1129, 1097, 10671]","[3, 112905828, 691663206, 12, 688152364, 184527634, 167587189]"
313,"Midbrain,MB",['MB'],1,"[255, 100, 255]","[997, 8, 343, 313]","[2, 112905828, 691663206, 12, 184527634, 112905813, 687527670, 114512891, 114512892]"
339,"Midbrain, sensory related,MBsen","['sensory related', 'MBsen']",1,"[255, 122, 255]","[997, 8, 343, 313, 339]","[3, 112905828, 691663206, 12, 184527634, 112905813, 114512891, 114512892]"
302,"Superior colliculus, sensory related,SCs","['sensory related', 'SCs']",1,"[255, 122, 255]","[997, 8, 343, 313, 339, 302]","[112905828, 691663206, 687527945, 10, 12, 688152365, 184527634, 112905813, 167587189, 114512891, 114512892]"
851,"Superior colliculus, optic layer,SCop","['optic layer', 'SCop']",1,"[255, 122, 255]","[997, 8, 343, 313, 339, 302, 851]","[184527634, 12, 691663206]"
842,"Superior colliculus, superficial gray layer,SCsg","['superficial gray layer', 'SCsg']",1,"[255, 122, 255]","[997, 8, 343, 313, 339, 302, 842]","[184527634, 12, 691663206]"
834,"Superior colliculus, zonal layer,SCzo","['zonal layer', 'SCzo']",1,"[255, 122, 255]","[997, 8, 343, 313, 339, 302, 834]","[184527634, 12, 691663206]"
4,"Inferior colliculus,IC",['IC'],1,"[255, 122, 255]","[997, 8, 343, 313, 339, 4]","[112905828, 691663206, 687527945, 10, 12, 688152365, 184527634, 167587189, 112905813, 114512891, 114512892]"
811,"Inferior colliculus, central nucleus,ICc","['central nucleus', 'ICc']",1,"[255, 122, 255]","[997, 8, 343, 313, 339, 4, 811]","[184527634, 12, 691663206]"
820,"Inferior colliculus, dorsal nucleus,ICd","['dorsal nucleus', 'ICd']",1,"[255, 122, 255]","[997, 8, 343, 313, 339, 4, 820]","[184527634, 12, 691663206]"
828,"Inferior colliculus, external nucleus,ICe","['external nucleus', 'ICe']",1,"[255, 122, 255]","[997, 8, 343, 313, 339, 4, 828]","[691663206, 12, 184527634, 112905813, 114512892]"
580,"Nucleus of the brachium of the inferior colliculus,NB",['NB'],1,"[255, 122, 255]","[997, 8, 343, 313, 339, 580]","[112905828, 691663206, 687527945, 12, 688152365, 184527634, 167587189]"
271,"Nucleus sagulum,SAG",['SAG'],1,"[255, 122, 255]","[997, 8, 343, 313, 339, 271]","[112905828, 691663206, 687527945, 12, 688152365, 184527634, 167587189, 114512891]"
874,"Parabigeminal nucleus,PBG",['PBG'],1,"[255, 122, 255]","[997, 8, 343, 313, 339, 874]","[112905828, 691663206, 687527945, 12, 688152365, 184527634, 167587189]"
460,"Midbrain trigeminal nucleus,MEV",['MEV'],1,"[255, 122, 255]","[997, 8, 343, 313, 339, 460]","[112905828, 691663206, 687527945, 10, 12, 688152365, 184527634, 167587189]"
599626923,"Subcommissural organ,SCO",['SCO'],1,"[255, 122, 255]","[997, 8, 343, 313, 339, 599626923]","[112905828, 691663206, 688152365, 184527634, 167587189]"
323,"Midbrain, motor related,MBmot","['motor related', 'MBmot']",1,"[255, 144, 255]","[997, 8, 343, 313, 323]","[3, 112905828, 691663206, 12, 184527634, 112905813, 114512891, 114512892]"
381,"Substantia nigra, reticular part,SNr","['reticular part', 'SNr']",1,"[255, 144, 255]","[997, 8, 343, 313, 323, 381]","[112905828, 691663206, 687527945, 12, 688152365, 184527634, 112905813, 167587189, 114512891, 114512892]"
749,"Ventral tegmental area,VTA",['VTA'],1,"[255, 144, 255]","[997, 8, 343, 313, 323, 749]","[112905828, 691663206, 687527945, 10, 12, 688152365, 184527634, 167587189, 114512891]"
607344830,"Paranigral nucleus,PN",['PN'],1,"[255, 144, 255]","[997, 8, 343, 313, 323, 607344830]","[112905828, 691663206, 688152365, 184527634, 167587189]"
246,"Midbrain reticular nucleus, retrorubral area,RR","['retrorubral area', 'RR']",1,"[255, 144, 255]","[997, 8, 343, 313, 323, 246]","[112905828, 691663206, 687527945, 12, 688152365, 184527634, 167587189]"
128,"Midbrain reticular nucleus,MRN",['MRN'],1,"[255, 144, 255]","[997, 8, 343, 313, 323, 128]","[112905828, 691663206, 687527945, 12, 688152365, 184527634, 112905813, 167587189, 114512891, 114512892]"
539,"Midbrain reticular nucleus, magnocellular part,MRNm","['magnocellular part', 'MRNm']",1,"[255, 144, 255]","[997, 8, 343, 313, 323, 128, 539]",[]
548,"Midbrain reticular nucleus, magnocellular part, general,MRNmg","['magnocellular part', 'general', 'MRNmg']",1,"[255, 144, 255]","[997, 8, 343, 313, 323, 128, 548]",[]
555,"Midbrain reticular nucleus, parvicellular part,MRNp","['parvicellular part', 'MRNp']",1,"[255, 144, 255]","[997, 8, 343, 313, 323, 128, 555]",[]
294,"Superior colliculus, motor related,SCm","['motor related', 'SCm']",1,"[255, 144, 255]","[997, 8, 343, 313, 323, 294]","[112905828, 691663206, 687527945, 12, 688152365, 184527634, 112905813, 167587189, 114512891, 114512892]"
26,"Superior colliculus, motor related, deep gray layer,SCdg","['motor related', 'deep gray layer', 'SCdg']",1,"[255, 144, 255]","[997, 8, 343, 313, 323, 294, 26]","[184527634, 12, 691663206]"
42,"Superior colliculus, motor related, deep white layer,SCdw","['motor related', 'deep white layer', 'SCdw']",1,"[255, 144, 255]","[997, 8, 343, 313, 323, 294, 42]","[184527634, 12, 691663206]"
17,"Superior colliculus, motor related, intermediate white layer,SCiw","['motor related', 'intermediate white layer', 'SCiw']",1,"[255, 144, 255]","[997, 8, 343, 313, 323, 294, 17]","[184527634, 12, 691663206]"
10,"Superior colliculus, motor related, intermediate gray layer,SCig","['motor related', 'intermediate gray layer', 'SCig']",1,"[255, 144, 255]","[997, 8, 343, 313, 323, 294, 10]","[184527634, 12, 691663206]"
494,"Superior colliculus, motor related, intermediate gray layer, sublayer a,SCig-a","['motor related', 'intermediate gray layer', 'sublayer a', 'SCig-a']",1,"[255, 144, 255]","[997, 8, 343, 313, 323, 294, 10, 494]","[184527634, 12]"
503,"Superior colliculus, motor related, intermediate gray layer, sublayer b,SCig-b","['motor related', 'intermediate gray layer', 'sublayer b', 'SCig-b']",1,"[255, 144, 255]","[997, 8, 343, 313, 323, 294, 10, 503]","[184527634, 12]"
511,"Superior colliculus, motor related, intermediate gray layer, sublayer c,SCig-c","['motor related', 'intermediate gray layer', 'sublayer c', 'SCig-c']",1,"[255, 144, 255]","[997, 8, 343, 313, 323, 294, 10, 511]","[184527634, 12]"
795,"Periaqueductal gray,PAG",['PAG'],1,"[255, 144, 255]","[997, 8, 343, 313, 323, 795]","[112905828, 691663206, 687527945, 12, 688152365, 184527634, 167587189, 114512891]"
50,"Precommissural nucleus,PRC",['PRC'],1,"[255, 144, 255]","[997, 8, 343, 313, 323, 795, 50]","[184527634, 12, 691663206]"
67,"Interstitial nucleus of Cajal,INC",['INC'],1,"[255, 144, 255]","[997, 8, 343, 313, 323, 795, 67]","[184527634, 12, 691663206]"
587,"Nucleus of Darkschewitsch,ND",['ND'],1,"[255, 144, 255]","[997, 8, 343, 313, 323, 795, 587]","[184527634, 12, 691663206]"
614454277,"Supraoculomotor periaqueductal gray,Su3",['Su3'],1,"[255, 144, 255]","[997, 8, 343, 313, 323, 795, 614454277]","[184527634, 691663206]"
1100,"Pretectal region,PRT",['PRT'],1,"[255, 144, 255]","[997, 8, 343, 313, 323, 1100]","[112905828, 691663206, 12, 184527634, 112905813, 114512891]"
215,"Anterior pretectal nucleus,APN",['APN'],1,"[255, 144, 255]","[997, 8, 343, 313, 323, 1100, 215]","[112905828, 691663206, 687527945, 12, 688152365, 184527634, 167587189, 112905813, 114512891]"
531,"Medial pretectal area,MPT",['MPT'],1,"[255, 144, 255]","[997, 8, 343, 313, 323, 1100, 531]","[112905828, 691663206, 687527945, 12, 688152365, 184527634, 167587189]"
628,"Nucleus of the optic tract,NOT",['NOT'],1,"[255, 144, 255]","[997, 8, 343, 313, 323, 1100, 628]","[112905828, 691663206, 687527945, 12, 688152365, 184527634, 167587189, 114512891]"
634,"Nucleus of the posterior commissure,NPC",['NPC'],1,"[255, 144, 255]","[997, 8, 343, 313, 323, 1100, 634]","[112905828, 691663206, 687527945, 12, 688152365, 184527634, 167587189, 114512891]"
706,"Olivary pretectal nucleus,OP",['OP'],1,"[255, 144, 255]","[997, 8, 343, 313, 323, 1100, 706]","[112905828, 691663206, 687527945, 12, 688152365, 184527634, 167587189, 114512891]"
1061,"Posterior pretectal nucleus,PPT",['PPT'],1,"[255, 144, 255]","[997, 8, 343, 313, 323, 1100, 1061]","[112905828, 691663206, 687527945, 12, 688152365, 184527634, 167587189, 114512891]"
549009203,"Retroparafascicular nucleus,RPF",['RPF'],1,"[255, 144, 255]","[997, 8, 343, 313, 323, 1100, 549009203]","[184527634, 691663206]"
549009207,"Intercollicular nucleus,InCo",['InCo'],1,"[255, 144, 255]","[997, 8, 343, 313, 323, 549009207]",[]
616,"Cuneiform nucleus,CUN",['CUN'],1,"[255, 144, 255]","[997, 8, 343, 313, 323, 616]","[112905828, 691663206, 687527945, 12, 688152365, 184527634, 167587189, 114512891]"
214,"Red nucleus,RN",['RN'],1,"[255, 144, 255]","[997, 8, 343, 313, 323, 214]","[112905828, 691663206, 687527945, 10, 12, 688152365, 184527634, 112905813, 167587189, 114512891]"
35,"Oculomotor nucleus,III",['III'],1,"[255, 144, 255]","[997, 8, 343, 313, 323, 35]","[112905828, 691663206, 687527945, 10, 12, 688152365, 184527634, 167587189, 114512891]"
549009211,"Medial accesory oculomotor nucleus,MA3",['MA3'],1,"[255, 144, 255]","[997, 8, 343, 313, 323, 549009211]","[112905828, 691663206, 688152365, 184527634, 167587189]"
975,"Edinger-Westphal nucleus,EW",['EW'],1,"[255, 144, 255]","[997, 8, 343, 313, 323, 975]","[112905828, 691663206, 687527945, 10, 12, 688152365, 184527634, 167587189]"
115,"Trochlear nucleus,IV",['IV'],1,"[255, 144, 255]","[997, 8, 343, 313, 323, 115]","[112905828, 691663206, 687527945, 12, 688152365, 184527634, 167587189]"
606826663,"Paratrochlear nucleus,Pa4",['Pa4'],1,"[255, 144, 255]","[997, 8, 343, 313, 323, 606826663]","[112905828, 691663206, 688152365, 184527634, 167587189]"
757,"Ventral tegmental nucleus,VTN",['VTN'],1,"[255, 144, 255]","[997, 8, 343, 313, 323, 757]","[112905828, 691663206, 687527945, 12, 688152365, 184527634, 167587189]"
231,"Anterior tegmental nucleus,AT",['AT'],1,"[255, 144, 255]","[997, 8, 343, 313, 323, 231]","[112905828, 691663206, 687527945, 12, 688152365, 184527634, 167587189]"
66,"Lateral terminal nucleus of the accessory optic tract,LT",['LT'],1,"[255, 144, 255]","[997, 8, 343, 313, 323, 66]","[112905828, 691663206, 687527945, 12, 688152365, 184527634, 167587189]"
75,"Dorsal terminal nucleus of the accessory optic tract,DT",['DT'],1,"[255, 144, 255]","[997, 8, 343, 313, 323, 75]","[112905828, 691663206, 688152365, 184527634, 167587189]"
58,"Medial terminal nucleus of the accessory optic tract,MT",['MT'],1,"[255, 144, 255]","[997, 8, 343, 313, 323, 58]","[112905828, 691663206, 688152365, 184527634, 167587189]"
615,"Substantia nigra, lateral part,SNl","['lateral part', 'SNl']",1,"[255, 144, 255]","[997, 8, 343, 313, 323, 615]",[]
348,"Midbrain, behavioral state related,MBsta","['behavioral state related', 'MBsta']",1,"[255, 144, 255]","[997, 8, 343, 313, 348]","[3, 112905828, 691663206, 12, 184527634, 112905813, 114512891, 114512892]"
374,"Substantia nigra, compact part,SNc","['compact part', 'SNc']",1,"[255, 166, 255]","[997, 8, 343, 313, 348, 374]","[112905828, 691663206, 687527945, 10, 12, 688152365, 184527634, 112905813, 167587189, 114512892]"
1052,"Pedunculopontine nucleus,PPN",['PPN'],1,"[255, 166, 255]","[997, 8, 343, 313, 348, 1052]","[112905828, 691663206, 687527945, 10, 12, 688152365, 184527634, 167587189, 114512891]"
165,"Midbrain raphe nuclei,RAmb",['RAmb'],1,"[255, 166, 255]","[997, 8, 343, 313, 348, 165]","[112905828, 691663206, 12, 184527634, 114512891]"
12,"Interfascicular nucleus raphe,IF",['IF'],1,"[255, 166, 255]","[997, 8, 343, 313, 348, 165, 12]","[112905828, 691663206, 687527945, 12, 688152365, 184527634, 167587189, 114512891]"
100,"Interpeduncular nucleus,IPN",['IPN'],1,"[255, 166, 255]","[997, 8, 343, 313, 348, 165, 100]","[112905828, 691663206, 687527945, 10, 12, 688152365, 184527634, 167587189, 114512891]"
607344834,"Interpeduncular nucleus, rostral,IPR","['rostral', 'IPR']",1,"[255, 166, 255]","[997, 8, 343, 313, 348, 165, 100, 607344834]","[184527634, 691663206]"
607344838,"Interpeduncular nucleus, caudal,IPC","['caudal', 'IPC']",1,"[255, 166, 255]","[997, 8, 343, 313, 348, 165, 100, 607344838]","[184527634, 691663206]"
607344842,"Interpeduncular nucleus, apical,IPA","['apical', 'IPA']",1,"[255, 166, 255]","[997, 8, 343, 313, 348, 165, 100, 607344842]","[184527634, 691663206]"
607344846,"Interpeduncular nucleus, lateral,IPL","['lateral', 'IPL']",1,"[255, 166, 255]","[997, 8, 343, 313, 348, 165, 100, 607344846]","[184527634, 691663206]"
607344850,"Interpeduncular nucleus, intermediate,IPI","['intermediate', 'IPI']",1,"[255, 166, 255]","[997, 8, 343, 313, 348, 165, 100, 607344850]","[184527634, 691663206]"
607344854,"Interpeduncular nucleus, dorsomedial,IPDM","['dorsomedial', 'IPDM']",1,"[255, 166, 255]","[997, 8, 343, 313, 348, 165, 100, 607344854]","[184527634, 691663206]"
607344858,"Interpeduncular nucleus, dorsolateral,IPDL","['dorsolateral', 'IPDL']",1,"[255, 166, 255]","[997, 8, 343, 313, 348, 165, 100, 607344858]","[184527634, 691663206]"
607344862,"Interpeduncular nucleus, rostrolateral,IPRL","['rostrolateral', 'IPRL']",1,"[255, 166, 255]","[997, 8, 343, 313, 348, 165, 100, 607344862]","[184527634, 691663206]"
197,"Rostral linear nucleus raphe,RL",['RL'],1,"[255, 166, 255]","[997, 8, 343, 313, 348, 165, 197]","[112905828, 691663206, 687527945, 12, 688152365, 184527634, 167587189]"
591,"Central linear nucleus raphe,CLI",['CLI'],1,"[255, 166, 255]","[997, 8, 343, 313, 348, 165, 591]","[112905828, 691663206, 687527945, 12, 688152365, 184527634, 167587189, 114512891]"
872,"Dorsal nucleus raphe,DR",['DR'],1,"[255, 166, 255]","[997, 8, 343, 313, 348, 165, 872]","[112905828, 691663206, 687527945, 10, 12, 688152365, 184527634, 167587189, 114512891]"
1065,"Hindbrain,HB",['HB'],1,"[255, 155, 136]","[997, 8, 343, 1065]","[112905828, 691663206, 12, 184527634, 112905813, 114512891, 114512892]"
771,"Pons,P",['P'],1,"[255, 155, 136]","[997, 8, 343, 1065, 771]","[2, 112905828, 691663206, 12, 184527634, 112905813, 687527670, 114512891, 114512892]"
1132,"Pons, sensory related,P-sen","['sensory related', 'P-sen']",1,"[255, 174, 111]","[997, 8, 343, 1065, 771, 1132]","[3, 112905828, 691663206, 12, 184527634, 112905813, 114512891, 114512892]"
612,"Nucleus of the lateral lemniscus,NLL",['NLL'],1,"[255, 174, 111]","[997, 8, 343, 1065, 771, 1132, 612]","[112905828, 691663206, 687527945, 12, 688152366, 184527634, 167587189, 114512891]"
82,"Nucleus of the lateral lemniscus, dorsal part,NLLd","['dorsal part', 'NLLd']",1,"[255, 174, 111]","[997, 8, 343, 1065, 771, 1132, 612, 82]",[12]
90,"Nucleus of the lateral lemniscus, horizontal part,NLLh","['horizontal part', 'NLLh']",1,"[255, 174, 111]","[997, 8, 343, 1065, 771, 1132, 612, 90]",[12]
99,"Nucleus of the lateral lemniscus, ventral part,NLLv","['ventral part', 'NLLv']",1,"[255, 174, 111]","[997, 8, 343, 1065, 771, 1132, 612, 99]",[12]
7,"Principal sensory nucleus of the trigeminal,PSV",['PSV'],1,"[255, 174, 111]","[997, 8, 343, 1065, 771, 1132, 7]","[112905828, 691663206, 687527945, 10, 12, 688152366, 184527634, 112905813, 167587189, 114512891]"
867,"Parabrachial nucleus,PB",['PB'],1,"[255, 174, 111]","[997, 8, 343, 1065, 771, 1132, 867]","[112905828, 691663206, 687527945, 10, 12, 688152366, 184527634, 112905813, 167587189, 114512891, 114512892]"
123,"Koelliker-Fuse subnucleus,KF",['KF'],1,"[255, 174, 111]","[997, 8, 343, 1065, 771, 1132, 867, 123]","[691663206, 12, 184527634, 112905813, 114512892]"
881,"Parabrachial nucleus, lateral division,PBl","['lateral division', 'PBl']",1,"[255, 174, 111]","[997, 8, 343, 1065, 771, 1132, 867, 881]",[12]
860,"Parabrachial nucleus, lateral division, central lateral part,PBlc","['lateral division', 'central lateral part', 'PBlc']",1,"[255, 174, 111]","[997, 8, 343, 1065, 771, 1132, 867, 881, 860]",[12]
868,"Parabrachial nucleus, lateral division, dorsal lateral part,PBld","['lateral division', 'dorsal lateral part', 'PBld']",1,"[255, 174, 111]","[997, 8, 343, 1065, 771, 1132, 867, 881, 868]",[12]
875,"Parabrachial nucleus, lateral division, external lateral part,PBle","['lateral division', 'external lateral part', 'PBle']",1,"[255, 174, 111]","[997, 8, 343, 1065, 771, 1132, 867, 881, 875]",[12]
883,"Parabrachial nucleus, lateral division, superior lateral part,PBls","['lateral division', 'superior lateral part', 'PBls']",1,"[255, 174, 111]","[997, 8, 343, 1065, 771, 1132, 867, 881, 883]",[12]
891,"Parabrachial nucleus, lateral division, ventral lateral part,PBlv","['lateral division', 'ventral lateral part', 'PBlv']",1,"[255, 174, 111]","[997, 8, 343, 1065, 771, 1132, 867, 881, 891]",[12]
890,"Parabrachial nucleus, medial division,PBm","['medial division', 'PBm']",1,"[255, 174, 111]","[997, 8, 343, 1065, 771, 1132, 867, 890]",[12]
899,"Parabrachial nucleus, medial division, external medial part,PBme","['medial division', 'external medial part', 'PBme']",1,"[255, 174, 111]","[997, 8, 343, 1065, 771, 1132, 867, 890, 899]",[12]
915,"Parabrachial nucleus, medial division, medial medial part,PBmm","['medial division', 'medial medial part', 'PBmm']",1,"[255, 174, 111]","[997, 8, 343, 1065, 771, 1132, 867, 890, 915]",[12]
923,"Parabrachial nucleus, medial division, ventral medial part,PBmv","['medial division', 'ventral medial part', 'PBmv']",1,"[255, 174, 111]","[997, 8, 343, 1065, 771, 1132, 867, 890, 923]",[]
398,"Superior olivary complex,SOC",['SOC'],1,"[255, 174, 111]","[997, 8, 343, 1065, 771, 1132, 398]","[112905828, 691663206, 687527945, 12, 688152366, 184527634, 167587189, 114512891]"
122,"Superior olivary complex, periolivary region,POR","['periolivary region', 'POR']",1,"[255, 174, 111]","[997, 8, 343, 1065, 771, 1132, 398, 122]","[184527634, 12, 691663206]"
105,"Superior olivary complex, medial part,SOCm","['medial part', 'SOCm']",1,"[255, 174, 111]","[997, 8, 343, 1065, 771, 1132, 398, 105]","[184527634, 12, 691663206]"
114,"Superior olivary complex, lateral part,SOCl","['lateral part', 'SOCl']",1,"[255, 174, 111]","[997, 8, 343, 1065, 771, 1132, 398, 114]","[184527634, 12, 691663206]"
987,"Pons, motor related,P-mot","['motor related', 'P-mot']",1,"[255, 186, 134]","[997, 8, 343, 1065, 771, 987]","[3, 112905828, 691663206, 12, 184527634, 112905813, 114512891, 114512892]"
280,"Barrington's nucleus,B",['B'],1,"[255, 186, 134]","[997, 8, 343, 1065, 771, 987, 280]","[112905828, 691663206, 687527945, 12, 688152366, 184527634, 167587189]"
880,"Dorsal tegmental nucleus,DTN",['DTN'],1,"[255, 186, 134]","[997, 8, 343, 1065, 771, 987, 880]","[112905828, 691663206, 687527945, 10, 12, 688152366, 184527634, 167587189]"
283,"Lateral tegmental nucleus,LTN",['LTN'],1,"[255, 186, 134]","[997, 8, 343, 1065, 771, 987, 283]",[]
599626927,"Posterodorsal tegmental nucleus,PDTg",['PDTg'],1,"[255, 186, 134]","[997, 8, 343, 1065, 771, 987, 599626927]","[112905828, 691663206, 688152366, 184527634, 167587189]"
898,"Pontine central gray,PCG",['PCG'],1,"[255, 186, 134]","[997, 8, 343, 1065, 771, 987, 898]","[112905828, 691663206, 687527945, 12, 688152366, 184527634, 167587189, 114512891]"
931,"Pontine gray,PG",['PG'],1,"[255, 186, 134]","[997, 8, 343, 1065, 771, 987, 931]","[112905828, 691663206, 687527945, 10, 12, 688152366, 184527634, 167587189, 114512891]"
1093,"Pontine reticular nucleus, caudal part,PRNc","['caudal part', 'PRNc']",1,"[255, 186, 134]","[997, 8, 343, 1065, 771, 987, 1093]","[112905828, 691663206, 687527945, 12, 688152366, 184527634, 167587189, 112905813, 114512891]"
552,"Pontine reticular nucleus, ventral part,PRNv","['ventral part', 'PRNv']",1,"[255, 186, 134]","[997, 8, 343, 1065, 771, 987, 552]",[]
318,"Supragenual nucleus,SG",['SG'],1,"[255, 186, 134]","[997, 8, 343, 1065, 771, 987, 318]","[691663206, 687527945, 12, 688152366, 184527634, 167587189]"
462,"Superior salivatory nucleus,SSN",['SSN'],1,"[255, 186, 134]","[997, 8, 343, 1065, 771, 987, 462]",[]
534,"Supratrigeminal nucleus,SUT",['SUT'],1,"[255, 186, 134]","[997, 8, 343, 1065, 771, 987, 534]","[112905828, 691663206, 687527945, 12, 688152366, 184527634, 112905813, 167587189, 114512891, 114512892]"
574,"Tegmental reticular nucleus,TRN",['TRN'],1,"[255, 186, 134]","[997, 8, 343, 1065, 771, 987, 574]","[112905828, 691663206, 687527945, 10, 12, 688152366, 184527634, 167587189, 114512891]"
621,"Motor nucleus of trigeminal,V",['V'],1,"[255, 186, 134]","[997, 8, 343, 1065, 771, 987, 621]","[112905828, 691663206, 687527945, 10, 12, 688152366, 184527634, 167587189, 114512891]"
549009215,"Peritrigeminal zone,P5",['P5'],1,"[255, 186, 134]","[997, 8, 343, 1065, 771, 987, 549009215]","[112905828, 691663206, 688152366, 184527634, 167587189]"
549009219,"Accessory trigeminal nucleus,Acs5",['Acs5'],1,"[255, 186, 134]","[997, 8, 343, 1065, 771, 987, 549009219]","[112905828, 691663206, 688152366, 184527634, 167587189]"
549009223,"Parvicellular motor 5 nucleus,PC5",['PC5'],1,"[255, 186, 134]","[997, 8, 343, 1065, 771, 987, 549009223]","[112905828, 691663206, 688152366, 184527634, 167587189]"
549009227,"Intertrigeminal nucleus,I5",['I5'],1,"[255, 186, 134]","[997, 8, 343, 1065, 771, 987, 549009227]","[112905828, 691663206, 688152366, 184527634, 167587189]"
1117,"Pons, behavioral state related,P-sat","['behavioral state related', 'P-sat']",1,"[255, 195, 149]","[997, 8, 343, 1065, 771, 1117]","[3, 112905828, 691663206, 12, 184527634, 114512891]"
679,"Superior central nucleus raphe,CS",['CS'],1,"[255, 195, 149]","[997, 8, 343, 1065, 771, 1117, 679]","[112905828, 691663206, 687527945, 10, 12, 688152366, 184527634, 167587189, 114512891]"
137,"Superior central nucleus raphe, lateral part,CSl","['lateral part', 'CSl']",1,"[255, 195, 149]","[997, 8, 343, 1065, 771, 1117, 679, 137]",[12]
130,"Superior central nucleus raphe, medial part,CSm","['medial part', 'CSm']",1,"[255, 195, 149]","[997, 8, 343, 1065, 771, 1117, 679, 130]",[12]
147,"Locus ceruleus,LC",['LC'],1,"[255, 195, 149]","[997, 8, 343, 1065, 771, 1117, 147]","[112905828, 691663206, 687527945, 10, 12, 688152366, 184527634, 167587189]"
162,"Laterodorsal tegmental nucleus,LDT",['LDT'],1,"[255, 195, 149]","[997, 8, 343, 1065, 771, 1117, 162]","[112905828, 691663206, 687527945, 12, 688152366, 184527634, 167587189, 114512891]"
604,"Nucleus incertus,NI",['NI'],1,"[255, 195, 149]","[997, 8, 343, 1065, 771, 1117, 604]","[112905828, 691663206, 687527945, 12, 688152366, 184527634, 167587189, 114512891]"
146,"Pontine reticular nucleus,PRNr",['PRNr'],1,"[255, 195, 149]","[997, 8, 343, 1065, 771, 1117, 146]","[112905828, 691663206, 687527945, 12, 688152366, 184527634, 167587189, 114512891]"
238,"Nucleus raphe pontis,RPO",['RPO'],1,"[255, 195, 149]","[997, 8, 343, 1065, 771, 1117, 238]","[112905828, 691663206, 687527945, 12, 688152366, 184527634, 167587189, 114512891]"
350,"Subceruleus nucleus,SLC",['SLC'],1,"[255, 195, 149]","[997, 8, 343, 1065, 771, 1117, 350]","[112905828, 691663206, 687527945, 12, 688152366, 184527634, 167587189]"
358,"Sublaterodorsal nucleus,SLD",['SLD'],1,"[255, 195, 149]","[997, 8, 343, 1065, 771, 1117, 358]","[112905828, 691663206, 687527945, 12, 688152366, 184527634, 167587189, 114512891]"
354,"Medulla,MY",['MY'],1,"[255, 155, 205]","[997, 8, 343, 1065, 354]","[2, 112905828, 691663206, 12, 184527634, 112905813, 687527670, 114512891, 114512892]"
386,"Medulla, sensory related,MY-sen","['sensory related', 'MY-sen']",1,"[255, 165, 210]","[997, 8, 343, 1065, 354, 386]","[3, 112905828, 691663206, 12, 184527634, 114512891]"
207,"Area postrema,AP",['AP'],1,"[255, 165, 210]","[997, 8, 343, 1065, 354, 386, 207]","[112905828, 691663206, 687527945, 10, 12, 688152367, 184527634, 167587189]"
607,"Cochlear nuclei,CN",['CN'],1,"[255, 165, 210]","[997, 8, 343, 1065, 354, 386, 607]","[112905828, 691663206, 12, 184527634, 114512891]"
112,"Granular lamina of the cochlear nuclei,CNlam",['CNlam'],1,"[255, 165, 210]","[997, 8, 343, 1065, 354, 386, 607, 112]",[12]
560,"Cochlear nucleus, subpedunclular granular region,CNspg","['subpedunclular granular region', 'CNspg']",1,"[255, 165, 210]","[997, 8, 343, 1065, 354, 386, 607, 560]",[12]
96,"Dorsal cochlear nucleus,DCO",['DCO'],1,"[255, 165, 210]","[997, 8, 343, 1065, 354, 386, 607, 96]","[112905828, 691663206, 687527945, 12, 688152367, 184527634, 167587189, 114512891]"
101,"Ventral cochlear nucleus,VCO",['VCO'],1,"[255, 165, 210]","[997, 8, 343, 1065, 354, 386, 607, 101]","[112905828, 691663206, 687527945, 12, 688152367, 184527634, 167587189, 114512891]"
720,"Dorsal column nuclei,DCN",['DCN'],1,"[255, 165, 210]","[997, 8, 343, 1065, 354, 386, 720]","[112905828, 691663206, 12, 184527634, 114512891]"
711,"Cuneate nucleus,CU",['CU'],1,"[255, 165, 210]","[997, 8, 343, 1065, 354, 386, 720, 711]","[112905828, 691663206, 687527945, 12, 688152367, 184527634, 167587189]"
1039,"Gracile nucleus,GR",['GR'],1,"[255, 165, 210]","[997, 8, 343, 1065, 354, 386, 720, 1039]","[112905828, 691663206, 687527945, 12, 688152367, 184527634, 167587189, 114512891]"
903,"External cuneate nucleus,ECU",['ECU'],1,"[255, 165, 210]","[997, 8, 343, 1065, 354, 386, 903]","[691663206, 687527945, 12, 688152367, 184527634, 167587189]"
642,"Nucleus of the trapezoid body,NTB",['NTB'],1,"[255, 165, 210]","[997, 8, 343, 1065, 354, 386, 642]","[112905828, 691663206, 687527945, 12, 688152367, 184527634, 167587189, 114512891]"
651,"Nucleus of the solitary tract,NTS",['NTS'],1,"[255, 165, 210]","[997, 8, 343, 1065, 354, 386, 651]","[112905828, 691663206, 687527945, 10, 12, 688152367, 184527634, 167587189, 114512891]"
659,"Nucleus of the solitary tract, central part,NTSce","['central part', 'NTSce']",1,"[255, 165, 210]","[997, 8, 343, 1065, 354, 386, 651, 659]",[]
666,"Nucleus of the solitary tract, commissural part,NTSco","['commissural part', 'NTSco']",1,"[255, 165, 210]","[997, 8, 343, 1065, 354, 386, 651, 666]",[12]
674,"Nucleus of the solitary tract, gelatinous part,NTSge","['gelatinous part', 'NTSge']",1,"[255, 165, 210]","[997, 8, 343, 1065, 354, 386, 651, 674]",[12]
682,"Nucleus of the solitary tract, lateral part,NTSl","['lateral part', 'NTSl']",1,"[255, 165, 210]","[997, 8, 343, 1065, 354, 386, 651, 682]",[12]
691,"Nucleus of the solitary tract, medial part,NTSm","['medial part', 'NTSm']",1,"[255, 165, 210]","[997, 8, 343, 1065, 354, 386, 651, 691]",[12]
429,"Spinal nucleus of the trigeminal, caudal part,SPVC","['caudal part', 'SPVC']",1,"[255, 165, 210]","[997, 8, 343, 1065, 354, 386, 429]","[112905828, 691663206, 687527945, 12, 688152367, 184527634, 167587189, 114512891]"
437,"Spinal nucleus of the trigeminal, interpolar part,SPVI","['interpolar part', 'SPVI']",1,"[255, 165, 210]","[997, 8, 343, 1065, 354, 386, 437]","[112905828, 691663206, 687527945, 12, 688152367, 184527634, 167587189, 114512891]"
445,"Spinal nucleus of the trigeminal, oral part,SPVO","['oral part', 'SPVO']",1,"[255, 165, 210]","[997, 8, 343, 1065, 354, 386, 445]","[112905828, 691663206, 687527945, 12, 688152367, 184527634, 167587189, 114512891]"
77,"Spinal nucleus of the trigeminal, oral part, caudal dorsomedial part,SPVOcdm","['oral part', 'caudal dorsomedial part', 'SPVOcdm']",1,"[255, 165, 210]","[997, 8, 343, 1065, 354, 386, 445, 77]",[12]
53,"Spinal nucleus of the trigeminal, oral part, middle dorsomedial part, dorsal zone,SPVOmdmd","['oral part', 'middle dorsomedial part', 'dorsal zone', 'SPVOmdmd']",1,"[255, 165, 210]","[997, 8, 343, 1065, 354, 386, 445, 53]",[12]
61,"Spinal nucleus of the trigeminal, oral part, middle dorsomedial part, ventral zone,SPVOmdmv","['oral part', 'middle dorsomedial part', 'ventral zone', 'SPVOmdmv']",1,"[255, 165, 210]","[997, 8, 343, 1065, 354, 386, 445, 61]",[12]
45,"Spinal nucleus of the trigeminal, oral part, rostral dorsomedial part,SPVOrdm","['oral part', 'rostral dorsomedial part', 'SPVOrdm']",1,"[255, 165, 210]","[997, 8, 343, 1065, 354, 386, 445, 45]",[12]
69,"Spinal nucleus of the trigeminal, oral part, ventrolateral part,SPVOvl","['oral part', 'ventrolateral part', 'SPVOvl']",1,"[255, 165, 210]","[997, 8, 343, 1065, 354, 386, 445, 69]",[12]
589508451,"Paratrigeminal nucleus,Pa5",['Pa5'],1,"[255, 165, 210]","[997, 8, 343, 1065, 354, 386, 589508451]","[112905828, 691663206, 688152367, 184527634, 167587189]"
789,"Nucleus z,z",['z'],1,"[255, 165, 210]","[997, 8, 343, 1065, 354, 386, 789]",[]
370,"Medulla, motor related,MY-mot","['motor related', 'MY-mot']",1,"[255, 179, 217]","[997, 8, 343, 1065, 354, 370]","[3, 112905828, 691663206, 12, 184527634, 112905813, 114512891, 114512892]"
653,"Abducens nucleus,VI",['VI'],1,"[255, 179, 217]","[997, 8, 343, 1065, 354, 370, 653]","[112905828, 691663206, 687527945, 12, 688152367, 184527634, 167587189, 114512891]"
568,"Accessory abducens nucleus,ACVI",['ACVI'],1,"[255, 179, 217]","[997, 8, 343, 1065, 354, 370, 568]",[]
661,"Facial motor nucleus,VII",['VII'],1,"[255, 179, 217]","[997, 8, 343, 1065, 354, 370, 661]","[112905828, 691663206, 687527945, 10, 12, 688152367, 184527634, 167587189, 114512891]"
576,"Accessory facial motor nucleus,ACVII",['ACVII'],1,"[255, 179, 217]","[997, 8, 343, 1065, 354, 370, 576]","[112905828, 691663206, 687527945, 12, 688152367, 184527634, 167587189]"
640,"Efferent vestibular nucleus,EV",['EV'],1,"[255, 179, 217]","[997, 8, 343, 1065, 354, 370, 640]",[]
135,"Nucleus ambiguus,AMB",['AMB'],1,"[255, 179, 217]","[997, 8, 343, 1065, 354, 370, 135]","[112905828, 691663206, 687527945, 10, 12, 688152367, 184527634, 167587189, 112905813]"
939,"Nucleus ambiguus, dorsal division,AMBd","['dorsal division', 'AMBd']",1,"[255, 179, 217]","[997, 8, 343, 1065, 354, 370, 135, 939]","[184527634, 12, 691663206]"
143,"Nucleus ambiguus, ventral division,AMBv","['ventral division', 'AMBv']",1,"[255, 179, 217]","[997, 8, 343, 1065, 354, 370, 135, 143]","[184527634, 12, 691663206]"
839,"Dorsal motor nucleus of the vagus nerve,DMX",['DMX'],1,"[255, 179, 217]","[997, 8, 343, 1065, 354, 370, 839]","[112905828, 691663206, 687527945, 10, 12, 688152367, 184527634, 167587189, 114512891]"
887,"Efferent cochlear group,ECO",['ECO'],1,"[255, 179, 217]","[997, 8, 343, 1065, 354, 370, 887]",[]
1048,"Gigantocellular reticular nucleus,GRN",['GRN'],1,"[255, 179, 217]","[997, 8, 343, 1065, 354, 370, 1048]","[112905828, 691663206, 687527945, 12, 688152367, 184527634, 112905813, 167587189, 114512891, 114512892]"
372,"Infracerebellar nucleus,ICB",['ICB'],1,"[255, 179, 217]","[997, 8, 343, 1065, 354, 370, 372]","[112905828, 691663206, 687527945, 688152367, 184527634, 167587189]"
83,"Inferior olivary complex,IO",['IO'],1,"[255, 179, 217]","[997, 8, 343, 1065, 354, 370, 83]","[112905828, 691663206, 687527945, 10, 12, 688152367, 184527634, 167587189, 114512891]"
136,"Intermediate reticular nucleus,IRN",['IRN'],1,"[255, 179, 217]","[997, 8, 343, 1065, 354, 370, 136]","[112905828, 691663206, 687527945, 12, 688152367, 184527634, 112905813, 167587189, 114512891, 114512892]"
106,"Inferior salivatory nucleus,ISN",['ISN'],1,"[255, 179, 217]","[997, 8, 343, 1065, 354, 370, 106]","[112905828, 691663206, 687527945, 12, 688152367, 184527634, 167587189]"
203,"Linear nucleus of the medulla,LIN",['LIN'],1,"[255, 179, 217]","[997, 8, 343, 1065, 354, 370, 203]","[112905828, 691663206, 687527945, 12, 688152367, 184527634, 167587189]"
235,"Lateral reticular nucleus,LRN",['LRN'],1,"[255, 179, 217]","[997, 8, 343, 1065, 354, 370, 235]","[112905828, 691663206, 687527945, 12, 688152367, 184527634, 167587189, 114512891]"
955,"Lateral reticular nucleus, magnocellular part,LRNm","['magnocellular part', 'LRNm']",1,"[255, 179, 217]","[997, 8, 343, 1065, 354, 370, 235, 955]","[184527634, 12, 691663206]"
963,"Lateral reticular nucleus, parvicellular part,LRNp","['parvicellular part', 'LRNp']",1,"[255, 179, 217]","[997, 8, 343, 1065, 354, 370, 235, 963]","[184527634, 12, 691663206]"
307,"Magnocellular reticular nucleus,MARN",['MARN'],1,"[255, 179, 217]","[997, 8, 343, 1065, 354, 370, 307]","[112905828, 691663206, 687527945, 12, 688152367, 184527634, 167587189, 114512891]"
395,"Medullary reticular nucleus,MDRN",['MDRN'],1,"[255, 179, 217]","[997, 8, 343, 1065, 354, 370, 395]","[112905828, 691663206, 12, 688152367, 184527634, 167587189, 112905813, 114512891, 114512892]"
1098,"Medullary reticular nucleus, dorsal part,MDRNd","['dorsal part', 'MDRNd']",1,"[255, 179, 217]","[997, 8, 343, 1065, 354, 370, 395, 1098]","[112905828, 691663206, 687527945, 12, 688152367, 184527634, 167587189]"
1107,"Medullary reticular nucleus, ventral part,MDRNv","['ventral part', 'MDRNv']",1,"[255, 179, 217]","[997, 8, 343, 1065, 354, 370, 395, 1107]","[112905828, 691663206, 687527945, 12, 688152367, 184527634, 112905813, 167587189, 114512892]"
852,"Parvicellular reticular nucleus,PARN",['PARN'],1,"[255, 179, 217]","[997, 8, 343, 1065, 354, 370, 852]","[112905828, 691663206, 687527945, 12, 688152367, 184527634, 167587189, 114512891]"
859,"Parasolitary nucleus,PAS",['PAS'],1,"[255, 179, 217]","[997, 8, 343, 1065, 354, 370, 859]","[691663206, 687527945, 12, 688152367, 184527634, 167587189]"
938,"Paragigantocellular reticular nucleus,PGRN",['PGRN'],1,"[255, 179, 217]","[997, 8, 343, 1065, 354, 370, 938]","[112905828, 691663206, 12, 184527634, 114512891]"
970,"Paragigantocellular reticular nucleus, dorsal part,PGRNd","['dorsal part', 'PGRNd']",1,"[255, 179, 217]","[997, 8, 343, 1065, 354, 370, 938, 970]","[112905828, 691663206, 687527945, 12, 688152367, 184527634, 167587189]"
978,"Paragigantocellular reticular nucleus, lateral part,PGRNl","['lateral part', 'PGRNl']",1,"[255, 179, 217]","[997, 8, 343, 1065, 354, 370, 938, 978]","[112905828, 691663206, 687527945, 12, 688152367, 184527634, 167587189, 114512891]"
154,"Perihypoglossal nuclei,PHY",['PHY'],1,"[255, 179, 217]","[997, 8, 343, 1065, 354, 370, 154]","[112905828, 691663206, 12, 184527634, 114512891]"
161,"Nucleus intercalatus,NIS",['NIS'],1,"[255, 179, 217]","[997, 8, 343, 1065, 354, 370, 154, 161]",[]
177,"Nucleus of Roller,NR",['NR'],1,"[255, 179, 217]","[997, 8, 343, 1065, 354, 370, 154, 177]","[112905828, 691663206, 687527945, 12, 688152367, 184527634, 167587189]"
169,"Nucleus prepositus,PRP",['PRP'],1,"[255, 179, 217]","[997, 8, 343, 1065, 354, 370, 154, 169]","[112905828, 691663206, 687527945, 12, 688152367, 184527634, 167587189, 114512891]"
995,"Paramedian reticular nucleus,PMR",['PMR'],1,"[255, 179, 217]","[997, 8, 343, 1065, 354, 370, 995]",[]
1069,"Parapyramidal nucleus,PPY",['PPY'],1,"[255, 179, 217]","[997, 8, 343, 1065, 354, 370, 1069]","[112905828, 691663206, 687527945, 12, 688152367, 184527634, 167587189]"
185,"Parapyramidal nucleus, deep part,PPYd","['deep part', 'PPYd']",1,"[255, 179, 217]","[997, 8, 343, 1065, 354, 370, 1069, 185]",[]
193,"Parapyramidal nucleus, superficial part,PPYs","['superficial part', 'PPYs']",1,"[255, 179, 217]","[997, 8, 343, 1065, 354, 370, 1069, 193]",[]
701,"Vestibular nuclei,VNC",['VNC'],1,"[255, 179, 217]","[997, 8, 343, 1065, 354, 370, 701]","[112905828, 691663206, 12, 184527634, 114512891]"
209,"Lateral vestibular nucleus,LAV",['LAV'],1,"[255, 179, 217]","[997, 8, 343, 1065, 354, 370, 701, 209]","[112905828, 691663206, 687527945, 12, 688152367, 184527634, 167587189]"
202,"Medial vestibular nucleus,MV",['MV'],1,"[255, 179, 217]","[997, 8, 343, 1065, 354, 370, 701, 202]","[112905828, 691663206, 687527945, 12, 688152367, 184527634, 167587189, 114512891]"
225,"Spinal vestibular nucleus,SPIV",['SPIV'],1,"[255, 179, 217]","[997, 8, 343, 1065, 354, 370, 701, 225]","[112905828, 691663206, 687527945, 12, 688152367, 184527634, 167587189, 114512891]"
217,"Superior vestibular nucleus,SUV",['SUV'],1,"[255, 179, 217]","[997, 8, 343, 1065, 354, 370, 701, 217]","[112905828, 691663206, 687527945, 12, 688152367, 184527634, 167587189]"
765,"Nucleus x,x",['x'],1,"[255, 179, 217]","[997, 8, 343, 1065, 354, 370, 765]","[112905828, 691663206, 687527945, 12, 688152367, 184527634, 167587189]"
773,"Hypoglossal nucleus,XII",['XII'],1,"[255, 179, 217]","[997, 8, 343, 1065, 354, 370, 773]","[112905828, 691663206, 687527945, 10, 12, 688152367, 184527634, 167587189, 114512891]"
781,"Nucleus y,y",['y'],1,"[255, 179, 217]","[997, 8, 343, 1065, 354, 370, 781]","[112905828, 691663206, 687527945, 12, 688152367, 184527634, 167587189]"
76,"Interstitial nucleus of the vestibular nerve,INV",['INV'],1,"[255, 179, 217]","[997, 8, 343, 1065, 354, 370, 76]",[]
379,"Medulla, behavioral state related,MY-sat","['behavioral state related', 'MY-sat']",1,"[255, 198, 226]","[997, 8, 343, 1065, 354, 379]","[3, 112905828, 691663206, 12, 184527634, 114512891]"
206,"Nucleus raphe magnus,RM",['RM'],1,"[255, 198, 226]","[997, 8, 343, 1065, 354, 379, 206]","[112905828, 691663206, 687527945, 12, 688152367, 184527634, 167587189]"
230,"Nucleus raphe pallidus,RPA",['RPA'],1,"[255, 198, 226]","[997, 8, 343, 1065, 354, 379, 230]","[112905828, 691663206, 687527945, 12, 688152367, 184527634, 167587189]"
222,"Nucleus raphe obscurus,RO",['RO'],1,"[255, 198, 226]","[997, 8, 343, 1065, 354, 379, 222]","[112905828, 691663206, 687527945, 12, 688152367, 184527634, 167587189, 114512891]"
512,"Cerebellum,CB",['CB'],1,"[240, 240, 128]","[997, 8, 512]","[2, 112905828, 691663206, 12, 184527634, 112905813, 687527670, 114512891, 114512892]"
528,"Cerebellar cortex,CBX",['CBX'],1,"[240, 240, 128]","[997, 8, 512, 528]","[112905828, 691663206, 12, 184527634, 112905813, 114512891, 114512892]"
1144,"Cerebellar cortex, molecular layer,CBXmo","['molecular layer', 'CBXmo']",1,"[255, 252, 145]","[997, 8, 512, 528, 1144]",[]
1145,"Cerebellar cortex, Purkinje layer,CBXpu","['Purkinje layer', 'CBXpu']",1,"[255, 252, 145]","[997, 8, 512, 528, 1145]",[10]
1143,"Cerebellar cortex, granular layer,CBXgr","['granular layer', 'CBXgr']",1,"[236, 231, 84]","[997, 8, 512, 528, 1143]",[10]
645,"Vermal regions,VERM",['VERM'],1,"[255, 252, 145]","[997, 8, 512, 528, 645]","[3, 112905828, 691663206, 12, 184527634, 112905813, 114512891, 114512892]"
912,"Lingula (I),LING",['LING'],1,"[255, 252, 145]","[997, 8, 512, 528, 645, 912]","[112905828, 691663206, 687527945, 12, 688152368, 184527634, 167587189]"
10707,"Lingula (I), molecular layer,LINGmo","['molecular layer', 'LINGmo']",1,"[255, 252, 145]","[997, 8, 512, 528, 645, 912, 10707]",[12]
10706,"Lingula (I), Purkinje layer,LINGpu","['Purkinje layer', 'LINGpu']",1,"[255, 252, 145]","[997, 8, 512, 528, 645, 912, 10706]",[]
10705,"Lingula (I), granular layer,LINGgr","['granular layer', 'LINGgr']",1,"[236, 231, 84]","[997, 8, 512, 528, 645, 912, 10705]",[12]
920,"Central lobule,CENT",['CENT'],1,"[255, 252, 145]","[997, 8, 512, 528, 645, 920]","[112905828, 691663206, 687527945, 12, 688152368, 184527634, 167587189, 112905813, 114512891]"
976,"Lobule II,CENT2",['CENT2'],1,"[255, 252, 145]","[997, 8, 512, 528, 645, 920, 976]","[184527634, 12, 691663206]"
10710,"Lobule II, molecular layer,CENT2mo","['molecular layer', 'CENT2mo']",1,"[255, 252, 145]","[997, 8, 512, 528, 645, 920, 976, 10710]",[12]
10709,"Lobule II, Purkinje layer,CENT2pu","['Purkinje layer', 'CENT2pu']",1,"[255, 252, 145]","[997, 8, 512, 528, 645, 920, 976, 10709]",[]
10708,"Lobule II, granular layer,CENT2gr","['granular layer', 'CENT2gr']",1,"[236, 231, 84]","[997, 8, 512, 528, 645, 920, 976, 10708]",[12]
984,"Lobule III,CENT3",['CENT3'],1,"[255, 252, 145]","[997, 8, 512, 528, 645, 920, 984]","[184527634, 12, 112905813, 691663206]"
10713,"Lobule III, molecular layer,CENT3mo","['molecular layer', 'CENT3mo']",1,"[255, 252, 145]","[997, 8, 512, 528, 645, 920, 984, 10713]",[12]
10712,"Lobule III, Purkinje layer,CENT3pu","['Purkinje layer', 'CENT3pu']",1,"[255, 252, 145]","[997, 8, 512, 528, 645, 920, 984, 10712]",[]
10711,"Lobule III, granular layer,CENT3gr","['granular layer', 'CENT3gr']",1,"[236, 231, 84]","[997, 8, 512, 528, 645, 920, 984, 10711]",[12]
928,"Culmen,CUL",['CUL'],1,"[255, 252, 145]","[997, 8, 512, 528, 645, 928]","[112905828, 691663206, 687527945, 12, 688152368, 184527634, 167587189, 112905813, 114512891, 114512892]"
992,"Lobule IV,CUL4",['CUL4'],1,"[255, 252, 145]","[997, 8, 512, 528, 645, 928, 992]",[]
10716,"Lobule IV, molecular layer,CUL4mo","['molecular layer', 'CUL4mo']",1,"[255, 252, 145]","[997, 8, 512, 528, 645, 928, 992, 10716]",[]
10715,"Lobule IV, Purkinje layer,CUL4pu","['Purkinje layer', 'CUL4pu']",1,"[255, 252, 145]","[997, 8, 512, 528, 645, 928, 992, 10715]",[]
10714,"Lobule IV, granular layer,CUL4gr","['granular layer', 'CUL4gr']",1,"[236, 231, 84]","[997, 8, 512, 528, 645, 928, 992, 10714]",[]
1001,"Lobule V,CUL5",['CUL5'],1,"[255, 252, 145]","[997, 8, 512, 528, 645, 928, 1001]",[]
10719,"Lobule V, molecular layer,CUL5mo","['molecular layer', 'CUL5mo']",1,"[255, 252, 145]","[997, 8, 512, 528, 645, 928, 1001, 10719]",[]
10718,"Lobule V, Purkinje layer,CUL5pu","['Purkinje layer', 'CUL5pu']",1,"[255, 252, 145]","[997, 8, 512, 528, 645, 928, 1001, 10718]",[]
10717,"Lobule V, granular layer,CUL5gr","['granular layer', 'CUL5gr']",1,"[236, 231, 84]","[997, 8, 512, 528, 645, 928, 1001, 10717]",[]
1091,"Lobules IV-V,CUL4, 5","['CUL4', '5']",1,"[255, 252, 145]","[997, 8, 512, 528, 645, 928, 1091]","[691663206, 12, 184527634, 112905813, 114512892]"
10722,"Lobules IV-V, molecular layer,CUL4, 5mo","['molecular layer', 'CUL4', '5mo']",1,"[255, 252, 145]","[997, 8, 512, 528, 645, 928, 1091, 10722]",[12]
10721,"Lobules IV-V, Purkinje layer,CUL4, 5pu","['Purkinje layer', 'CUL4', '5pu']",1,"[255, 252, 145]","[997, 8, 512, 528, 645, 928, 1091, 10721]",[]
10720,"Lobules IV-V, granular layer,CUL4, 5gr","['granular layer', 'CUL4', '5gr']",1,"[236, 231, 84]","[997, 8, 512, 528, 645, 928, 1091, 10720]",[12]
936,"Declive (VI),DEC",['DEC'],1,"[255, 252, 145]","[997, 8, 512, 528, 645, 936]","[112905828, 691663206, 687527945, 12, 688152368, 184527634, 167587189]"
10725,"Declive (VI), molecular layer,DECmo","['molecular layer', 'DECmo']",1,"[255, 252, 145]","[997, 8, 512, 528, 645, 936, 10725]",[12]
10724,"Declive (VI), Purkinje layer,DECpu","['Purkinje layer', 'DECpu']",1,"[255, 252, 145]","[997, 8, 512, 528, 645, 936, 10724]",[]
10723,"Declive (VI), granular layer,DECgr","['granular layer', 'DECgr']",1,"[236, 231, 84]","[997, 8, 512, 528, 645, 936, 10723]",[12]
944,"Folium-tuber vermis (VII),FOTU",['FOTU'],1,"[255, 252, 145]","[997, 8, 512, 528, 645, 944]","[112905828, 691663206, 687527945, 12, 688152368, 184527634, 167587189]"
10728,"Folium-tuber vermis (VII), molecular layer,FOTUmo","['molecular layer', 'FOTUmo']",1,"[255, 252, 145]","[997, 8, 512, 528, 645, 944, 10728]",[12]
10727,"Folium-tuber vermis (VII), Purkinje layer,FOTUpu","['Purkinje layer', 'FOTUpu']",1,"[255, 252, 145]","[997, 8, 512, 528, 645, 944, 10727]",[]
10726,"Folium-tuber vermis (VII), granular layer,FOTUgr","['granular layer', 'FOTUgr']",1,"[236, 231, 84]","[997, 8, 512, 528, 645, 944, 10726]",[12]
951,"Pyramus (VIII),PYR",['PYR'],1,"[255, 252, 145]","[997, 8, 512, 528, 645, 951]","[112905828, 691663206, 687527945, 12, 688152368, 184527634, 167587189, 114512891]"
10731,"Pyramus (VIII), molecular layer,PYRmo","['molecular layer', 'PYRmo']",1,"[255, 252, 145]","[997, 8, 512, 528, 645, 951, 10731]",[12]
10730,"Pyramus (VIII), Purkinje layer,PYRpu","['Purkinje layer', 'PYRpu']",1,"[255, 252, 145]","[997, 8, 512, 528, 645, 951, 10730]",[]
10729,"Pyramus (VIII), granular layer,PYRgr","['granular layer', 'PYRgr']",1,"[236, 231, 84]","[997, 8, 512, 528, 645, 951, 10729]",[12]
957,"Uvula (IX),UVU",['UVU'],1,"[255, 252, 145]","[997, 8, 512, 528, 645, 957]","[112905828, 691663206, 687527945, 12, 688152368, 184527634, 167587189]"
10734,"Uvula (IX), molecular layer,UVUmo","['molecular layer', 'UVUmo']",1,"[255, 252, 145]","[997, 8, 512, 528, 645, 957, 10734]",[12]
10733,"Uvula (IX), Purkinje layer,UVUpu","['Purkinje layer', 'UVUpu']",1,"[255, 252, 145]","[997, 8, 512, 528, 645, 957, 10733]",[]
10732,"Uvula (IX), granular layer,UVUgr","['granular layer', 'UVUgr']",1,"[236, 231, 84]","[997, 8, 512, 528, 645, 957, 10732]",[12]
968,"Nodulus (X),NOD",['NOD'],1,"[255, 252, 145]","[997, 8, 512, 528, 645, 968]","[112905828, 691663206, 687527945, 12, 688152368, 184527634, 167587189, 114512891]"
10737,"Nodulus (X), molecular layer,NODmo","['molecular layer', 'NODmo']",1,"[255, 252, 145]","[997, 8, 512, 528, 645, 968, 10737]",[12]
10736,"Nodulus (X), Purkinje layer,NODpu","['Purkinje layer', 'NODpu']",1,"[255, 252, 145]","[997, 8, 512, 528, 645, 968, 10736]",[]
10735,"Nodulus (X), granular layer,NODgr","['granular layer', 'NODgr']",1,"[236, 231, 84]","[997, 8, 512, 528, 645, 968, 10735]",[12]
1073,"Hemispheric regions,HEM",['HEM'],1,"[255, 252, 145]","[997, 8, 512, 528, 1073]","[3, 112905828, 691663206, 12, 184527634, 114512891]"
1007,"Simple lobule,SIM",['SIM'],1,"[255, 252, 145]","[997, 8, 512, 528, 1073, 1007]","[112905828, 691663206, 687527945, 12, 688152368, 184527634, 167587189, 114512891]"
10674,"Simple lobule, molecular layer,SIMmo","['molecular layer', 'SIMmo']",1,"[255, 252, 145]","[997, 8, 512, 528, 1073, 1007, 10674]",[12]
10673,"Simple lobule, Purkinje layer,SIMpu","['Purkinje layer', 'SIMpu']",1,"[255, 252, 145]","[997, 8, 512, 528, 1073, 1007, 10673]",[]
10672,"Simple lobule, granular layer,SIMgr","['granular layer', 'SIMgr']",1,"[236, 231, 84]","[997, 8, 512, 528, 1073, 1007, 10672]",[12]
1017,"Ansiform lobule,AN",['AN'],1,"[255, 252, 145]","[997, 8, 512, 528, 1073, 1017]","[112905828, 691663206, 687527945, 12, 688152368, 184527634, 167587189, 114512891]"
1056,"Crus 1,ANcr1",['ANcr1'],1,"[255, 252, 145]","[997, 8, 512, 528, 1073, 1017, 1056]","[184527634, 12, 691663206]"
10677,"Crus 1, molecular layer,ANcr1mo","['molecular layer', 'ANcr1mo']",1,"[255, 252, 145]","[997, 8, 512, 528, 1073, 1017, 1056, 10677]",[12]
10676,"Crus 1, Purkinje layer,ANcr1pu","['Purkinje layer', 'ANcr1pu']",1,"[255, 252, 145]","[997, 8, 512, 528, 1073, 1017, 1056, 10676]",[]
10675,"Crus 1, granular layer,ANcr1gr","['granular layer', 'ANcr1gr']",1,"[236, 231, 84]","[997, 8, 512, 528, 1073, 1017, 1056, 10675]",[12]
1064,"Crus 2,ANcr2",['ANcr2'],1,"[255, 252, 145]","[997, 8, 512, 528, 1073, 1017, 1064]","[184527634, 12, 691663206]"
10680,"Crus 2, molecular layer,ANcr2mo","['molecular layer', 'ANcr2mo']",1,"[255, 252, 145]","[997, 8, 512, 528, 1073, 1017, 1064, 10680]",[12]
10679,"Crus 2, Purkinje layer,ANcr2pu","['Purkinje layer', 'ANcr2pu']",1,"[255, 252, 145]","[997, 8, 512, 528, 1073, 1017, 1064, 10679]",[]
10678,"Crus 2, granular layer,ANcr2gr","['granular layer', 'ANcr2gr']",1,"[236, 231, 84]","[997, 8, 512, 528, 1073, 1017, 1064, 10678]",[12]
1025,"Paramedian lobule,PRM",['PRM'],1,"[255, 252, 145]","[997, 8, 512, 528, 1073, 1025]","[112905828, 691663206, 687527945, 12, 688152368, 184527634, 167587189, 114512891]"
10683,"Paramedian lobule, molecular layer,PRMmo","['molecular layer', 'PRMmo']",1,"[255, 252, 145]","[997, 8, 512, 528, 1073, 1025, 10683]",[12]
10682,"Paramedian lobule, Purkinje layer,PRMpu","['Purkinje layer', 'PRMpu']",1,"[255, 252, 145]","[997, 8, 512, 528, 1073, 1025, 10682]",[]
10681,"Paramedian lobule, granular layer,PRMgr","['granular layer', 'PRMgr']",1,"[236, 231, 84]","[997, 8, 512, 528, 1073, 1025, 10681]",[12]
1033,"Copula pyramidis,COPY",['COPY'],1,"[255, 252, 145]","[997, 8, 512, 528, 1073, 1033]","[112905828, 691663206, 687527945, 12, 688152368, 184527634, 167587189, 114512891]"
10686,"Copula pyramidis, molecular layer,COPYmo","['molecular layer', 'COPYmo']",1,"[255, 252, 145]","[997, 8, 512, 528, 1073, 1033, 10686]",[12]
10685,"Copula pyramidis, Purkinje layer,COPYpu","['Purkinje layer', 'COPYpu']",1,"[255, 252, 145]","[997, 8, 512, 528, 1073, 1033, 10685]",[]
10684,"Copula pyramidis, granular layer,COPYgr","['granular layer', 'COPYgr']",1,"[236, 231, 84]","[997, 8, 512, 528, 1073, 1033, 10684]",[12]
1041,"Paraflocculus,PFL",['PFL'],1,"[255, 252, 145]","[997, 8, 512, 528, 1073, 1041]","[112905828, 691663206, 687527945, 12, 688152368, 184527634, 167587189, 114512891]"
10689,"Paraflocculus, molecular layer,PFLmo","['molecular layer', 'PFLmo']",1,"[255, 252, 145]","[997, 8, 512, 528, 1073, 1041, 10689]",[12]
10688,"Paraflocculus, Purkinje layer,PFLpu","['Purkinje layer', 'PFLpu']",1,"[255, 252, 145]","[997, 8, 512, 528, 1073, 1041, 10688]",[]
10687,"Paraflocculus, granular layer,PFLgr","['granular layer', 'PFLgr']",1,"[236, 231, 84]","[997, 8, 512, 528, 1073, 1041, 10687]",[12]
1049,"Flocculus,FL",['FL'],1,"[255, 252, 145]","[997, 8, 512, 528, 1073, 1049]","[112905828, 691663206, 687527945, 12, 688152368, 184527634, 167587189, 114512891]"
10692,"Flocculus, molecular layer,FLmo","['molecular layer', 'FLmo']",1,"[255, 252, 145]","[997, 8, 512, 528, 1073, 1049, 10692]",[12]
10691,"Flocculus, Purkinje layer,FLpu","['Purkinje layer', 'FLpu']",1,"[255, 252, 145]","[997, 8, 512, 528, 1073, 1049, 10691]",[]
10690,"Flocculus, granular layer,FLgr","['granular layer', 'FLgr']",1,"[236, 231, 84]","[997, 8, 512, 528, 1073, 1049, 10690]",[12]
519,"Cerebellar nuclei,CBN",['CBN'],1,"[240, 240, 128]","[997, 8, 512, 519]","[3, 112905828, 691663206, 10, 12, 184527634, 114512891]"
989,"Fastigial nucleus,FN",['FN'],1,"[255, 253, 188]","[997, 8, 512, 519, 989]","[112905828, 691663206, 687527945, 12, 688152368, 184527634, 167587189, 114512891]"
91,"Interposed nucleus,IP",['IP'],1,"[255, 253, 188]","[997, 8, 512, 519, 91]","[112905828, 691663206, 687527945, 12, 688152368, 184527634, 167587189, 114512891]"
846,"Dentate nucleus,DN",['DN'],1,"[255, 253, 188]","[997, 8, 512, 519, 846]","[112905828, 691663206, 687527945, 12, 688152368, 184527634, 167587189, 114512891]"
589508455,"Vestibulocerebellar nucleus,VeCB",['VeCB'],1,"[255, 253, 188]","[997, 8, 512, 519, 589508455]","[112905828, 691663206, 688152368, 184527634, 167587189]"
1009,"fiber tracts,fiber tracts",['fiber tracts'],1,"[204, 204, 204]","[997, 1009]","[687527945, 184527634, 167587189, 691663206]"
967,"cranial nerves,cm",['cm'],1,"[204, 204, 204]","[997, 1009, 967]","[184527634, 691663206]"
885,"terminal nerve,tn",['tn'],1,"[204, 204, 204]","[997, 1009, 967, 885]",[]
949,"vomeronasal nerve,von",['von'],1,"[204, 204, 204]","[997, 1009, 967, 949]","[184527634, 691663206]"
840,"olfactory nerve,In",['In'],1,"[204, 204, 204]","[997, 1009, 967, 840]","[184527634, 691663206]"
1016,"olfactory nerve layer of main olfactory bulb,onl",['onl'],1,"[204, 204, 204]","[997, 1009, 967, 840, 1016]","[10, 184527634, 691663206]"
21,"lateral olfactory tract, general,lotg","['general', 'lotg']",1,"[204, 204, 204]","[997, 1009, 967, 840, 21]","[184527634, 691663206]"
665,"lateral olfactory tract, body,lot","['body', 'lot']",1,"[204, 204, 204]","[997, 1009, 967, 840, 21, 665]","[184527634, 691663206]"
538,"dorsal limb,lotd",['lotd'],1,"[204, 204, 204]","[997, 1009, 967, 840, 21, 538]","[184527634, 691663206]"
459,"accessory olfactory tract,aolt",['aolt'],1,"[204, 204, 204]","[997, 1009, 967, 840, 21, 459]",[]
900,"anterior commissure, olfactory limb,aco","['olfactory limb', 'aco']",1,"[204, 204, 204]","[997, 1009, 967, 840, 900]","[184527634, 691663206]"
848,"optic nerve,IIn",['IIn'],1,"[204, 204, 204]","[997, 1009, 967, 848]","[184527634, 691663206]"
876,"accessory optic tract,aot",['aot'],1,"[204, 204, 204]","[997, 1009, 967, 848, 876]",[]
916,"brachium of the superior colliculus,bsc",['bsc'],1,"[204, 204, 204]","[997, 1009, 967, 848, 916]","[184527634, 691663206]"
336,"superior colliculus commissure,csc",['csc'],1,"[204, 204, 204]","[997, 1009, 967, 848, 336]","[184527634, 691663206]"
117,"optic chiasm,och",['och'],1,"[204, 204, 204]","[997, 1009, 967, 848, 117]","[184527634, 691663206]"
125,"optic tract,opt",['opt'],1,"[204, 204, 204]","[997, 1009, 967, 848, 125]","[184527634, 691663206]"
357,"tectothalamic pathway,ttp",['ttp'],1,"[204, 204, 204]","[997, 1009, 967, 848, 357]",[]
832,"oculomotor nerve,IIIn",['IIIn'],1,"[204, 204, 204]","[997, 1009, 967, 832]","[184527634, 691663206]"
62,"medial longitudinal fascicle,mlf",['mlf'],1,"[204, 204, 204]","[997, 1009, 967, 832, 62]","[184527634, 691663206]"
158,"posterior commissure,pc",['pc'],1,"[204, 204, 204]","[997, 1009, 967, 832, 158]","[184527634, 691663206]"
911,"trochlear nerve,IVn",['IVn'],1,"[204, 204, 204]","[997, 1009, 967, 911]","[184527634, 691663206]"
384,"trochlear nerve decussation,IVd",['IVd'],1,"[204, 204, 204]","[997, 1009, 967, 911, 384]",[]
710,"abducens nerve,VIn",['VIn'],1,"[204, 204, 204]","[997, 1009, 967, 710]",[]
901,"trigeminal nerve,Vn",['Vn'],1,"[204, 204, 204]","[997, 1009, 967, 901]","[184527634, 691663206]"
93,"motor root of the trigeminal nerve,moV",['moV'],1,"[204, 204, 204]","[997, 1009, 967, 901, 93]","[184527634, 691663206]"
229,"sensory root of the trigeminal nerve,sV",['sV'],1,"[204, 204, 204]","[997, 1009, 967, 901, 229]","[184527634, 691663206]"
705,"midbrain tract of the trigeminal nerve,mtV",['mtV'],1,"[204, 204, 204]","[997, 1009, 967, 901, 229, 705]",[184527634]
794,"spinal tract of the trigeminal nerve,sptV",['sptV'],1,"[204, 204, 204]","[997, 1009, 967, 901, 229, 794]","[184527634, 691663206]"
798,"facial nerve,VIIn",['VIIn'],1,"[204, 204, 204]","[997, 1009, 967, 798]","[184527634, 691663206]"
1131,"intermediate nerve,iVIIn",['iVIIn'],1,"[204, 204, 204]","[997, 1009, 967, 798, 1131]",[]
1116,"genu of the facial nerve,gVIIn",['gVIIn'],1,"[204, 204, 204]","[997, 1009, 967, 798, 1116]","[184527634, 691663206]"
933,"vestibulocochlear nerve,VIIIn",['VIIIn'],1,"[204, 204, 204]","[997, 1009, 967, 933]","[184527634, 691663206]"
1076,"efferent cochleovestibular bundle,cvb",['cvb'],1,"[204, 204, 204]","[997, 1009, 967, 933, 1076]",[]
413,"vestibular nerve,vVIIIn",['vVIIIn'],1,"[204, 204, 204]","[997, 1009, 967, 933, 413]","[184527634, 691663206]"
948,"cochlear nerve,cVIIIn",['cVIIIn'],1,"[204, 204, 204]","[997, 1009, 967, 933, 948]","[184527634, 691663206]"
841,"trapezoid body,tb",['tb'],1,"[204, 204, 204]","[997, 1009, 967, 933, 948, 841]","[184527634, 691663206]"
641,"intermediate acoustic stria,ias",['ias'],1,"[204, 204, 204]","[997, 1009, 967, 933, 948, 641]",[]
506,"dorsal acoustic stria,das",['das'],1,"[204, 204, 204]","[997, 1009, 967, 933, 948, 506]","[184527634, 691663206]"
658,"lateral lemniscus,ll",['ll'],1,"[204, 204, 204]","[997, 1009, 967, 933, 948, 658]","[184527634, 691663206]"
633,"inferior colliculus commissure,cic",['cic'],1,"[204, 204, 204]","[997, 1009, 967, 933, 948, 633]","[184527634, 691663206]"
482,"brachium of the inferior colliculus,bic",['bic'],1,"[204, 204, 204]","[997, 1009, 967, 933, 948, 482]","[184527634, 691663206]"
808,"glossopharyngeal nerve,IXn",['IXn'],1,"[204, 204, 204]","[997, 1009, 967, 808]",[]
917,"vagus nerve,Xn",['Xn'],1,"[204, 204, 204]","[997, 1009, 967, 917]","[184527634, 691663206]"
237,"solitary tract,ts",['ts'],1,"[204, 204, 204]","[997, 1009, 967, 917, 237]","[184527634, 691663206]"
717,"accessory spinal nerve,XIn",['XIn'],1,"[204, 204, 204]","[997, 1009, 967, 717]",[]
813,"hypoglossal nerve,XIIn",['XIIn'],1,"[204, 204, 204]","[997, 1009, 967, 813]",[]
925,"ventral roots,vrt",['vrt'],1,"[204, 204, 204]","[997, 1009, 967, 925]",[]
792,"dorsal roots,drt",['drt'],1,"[204, 204, 204]","[997, 1009, 967, 792]","[184527634, 691663206]"
932,"cervicothalamic tract,cett",['cett'],1,"[204, 204, 204]","[997, 1009, 967, 792, 932]","[184527634, 691663206]"
570,"dorsolateral fascicle,dl",['dl'],1,"[204, 204, 204]","[997, 1009, 967, 792, 932, 570]",[]
522,"dorsal commissure of the spinal cord,dcm",['dcm'],1,"[204, 204, 204]","[997, 1009, 967, 792, 932, 522]",[]
858,"ventral commissure of the spinal cord,vc",['vc'],1,"[204, 204, 204]","[997, 1009, 967, 792, 932, 858]",[]
586,"fasciculus proprius,fpr",['fpr'],1,"[204, 204, 204]","[997, 1009, 967, 792, 932, 586]",[]
514,"dorsal column,dc",['dc'],1,"[204, 204, 204]","[997, 1009, 967, 792, 932, 514]","[184527634, 691663206]"
380,"cuneate fascicle,cuf",['cuf'],1,"[204, 204, 204]","[997, 1009, 967, 792, 932, 514, 380]","[184527634, 691663206]"
388,"gracile fascicle,grf",['grf'],1,"[204, 204, 204]","[997, 1009, 967, 792, 932, 514, 388]",[184527634]
396,"internal arcuate fibers,iaf",['iaf'],1,"[204, 204, 204]","[997, 1009, 967, 792, 932, 514, 396]",[]
697,"medial lemniscus,ml",['ml'],1,"[204, 204, 204]","[997, 1009, 967, 792, 932, 697]","[184527634, 691663206]"
871,"spinothalamic tract,sst",['sst'],1,"[204, 204, 204]","[997, 1009, 967, 871]",[]
29,"lateral spinothalamic tract,sttl",['sttl'],1,"[204, 204, 204]","[997, 1009, 967, 871, 29]",[]
389,"ventral spinothalamic tract,sttv",['sttv'],1,"[204, 204, 204]","[997, 1009, 967, 871, 389]",[]
245,"spinocervical tract,scrt",['scrt'],1,"[204, 204, 204]","[997, 1009, 967, 871, 245]",[]
261,"spino-olivary pathway,sop",['sop'],1,"[204, 204, 204]","[997, 1009, 967, 871, 261]",[]
270,"spinoreticular pathway,srp",['srp'],1,"[204, 204, 204]","[997, 1009, 967, 871, 270]",[]
293,"spinovestibular pathway,svp",['svp'],1,"[204, 204, 204]","[997, 1009, 967, 871, 293]",[]
277,"spinotectal pathway,stp",['stp'],1,"[204, 204, 204]","[997, 1009, 967, 871, 277]",[]
253,"spinohypothalamic pathway,shp",['shp'],1,"[204, 204, 204]","[997, 1009, 967, 871, 253]",[]
285,"spinotelenchephalic pathway,step",['step'],1,"[204, 204, 204]","[997, 1009, 967, 871, 285]",[]
627,"hypothalamohypophysial tract,hht",['hht'],1,"[204, 204, 204]","[997, 1009, 967, 871, 285, 627]",[]
960,"cerebellum related fiber tracts,cbf",['cbf'],1,"[204, 204, 204]","[997, 1009, 960]","[184527634, 691663206]"
744,"cerebellar commissure,cbc",['cbc'],1,"[204, 204, 204]","[997, 1009, 960, 744]","[184527634, 691663206]"
752,"cerebellar peduncles,cbp",['cbp'],1,"[204, 204, 204]","[997, 1009, 960, 752]","[184527634, 691663206]"
326,"superior cerebelar peduncles,scp",['scp'],1,"[204, 204, 204]","[997, 1009, 960, 752, 326]","[184527634, 691663206]"
812,"superior cerebellar peduncle decussation,dscp",['dscp'],1,"[204, 204, 204]","[997, 1009, 960, 752, 326, 812]","[184527634, 691663206]"
85,"spinocerebellar tract,sct",['sct'],1,"[204, 204, 204]","[997, 1009, 960, 752, 326, 812, 85]",[]
850,"uncinate fascicle,uf",['uf'],1,"[204, 204, 204]","[997, 1009, 960, 752, 326, 850]","[184527634, 691663206]"
866,"ventral spinocerebellar tract,sctv",['sctv'],1,"[204, 204, 204]","[997, 1009, 960, 752, 326, 866]","[184527634, 691663206]"
78,"middle cerebellar peduncle,mcp",['mcp'],1,"[204, 204, 204]","[997, 1009, 960, 752, 78]","[184527634, 691663206]"
1123,"inferior cerebellar peduncle,icp",['icp'],1,"[204, 204, 204]","[997, 1009, 960, 752, 1123]","[184527634, 691663206]"
553,"dorsal spinocerebellar tract,sctd",['sctd'],1,"[204, 204, 204]","[997, 1009, 960, 752, 1123, 553]","[184527634, 691663206]"
499,"cuneocerebellar tract,cct",['cct'],1,"[204, 204, 204]","[997, 1009, 960, 752, 1123, 499]",[]
650,"juxtarestiform body,jrb",['jrb'],1,"[204, 204, 204]","[997, 1009, 960, 752, 1123, 650]",[]
490,"bulbocerebellar tract,bct",['bct'],1,"[204, 204, 204]","[997, 1009, 960, 752, 1123, 490]",[]
404,"olivocerebellar tract,oct",['oct'],1,"[204, 204, 204]","[997, 1009, 960, 752, 1123, 490, 404]",[]
410,"reticulocerebellar tract,rct",['rct'],1,"[204, 204, 204]","[997, 1009, 960, 752, 1123, 490, 410]",[]
373,"trigeminocerebellar tract,tct",['tct'],1,"[204, 204, 204]","[997, 1009, 960, 752, 373]",[]
728,"arbor vitae,arb",['arb'],1,"[204, 204, 204]","[997, 1009, 960, 728]","[184527634, 691663206]"
484682512,"supra-callosal cerebral white matter,scwm",['scwm'],1,"[204, 204, 204]","[997, 1009, 484682512]","[184527634, 691663206]"
983,"lateral forebrain bundle system,lfbs",['lfbs'],1,"[204, 204, 204]","[997, 1009, 983]","[184527634, 691663206]"
776,"corpus callosum,cc",['cc'],1,"[204, 204, 204]","[997, 1009, 983, 776]","[184527634, 691663206]"
956,"corpus callosum, anterior forceps,fa","['anterior forceps', 'fa']",1,"[204, 204, 204]","[997, 1009, 983, 776, 956]","[184527634, 691663206]"
579,"external capsule,ec",['ec'],1,"[204, 204, 204]","[997, 1009, 983, 776, 956, 579]","[184527634, 691663206]"
964,"corpus callosum, extreme capsule,ee","['extreme capsule', 'ee']",1,"[204, 204, 204]","[997, 1009, 983, 776, 964]","[184527634, 691663206]"
1108,"genu of corpus callosum,ccg",['ccg'],1,"[204, 204, 204]","[997, 1009, 983, 776, 1108]","[184527634, 691663206]"
971,"corpus callosum, posterior forceps,fp","['posterior forceps', 'fp']",1,"[204, 204, 204]","[997, 1009, 983, 776, 971]","[184527634, 691663206]"
979,"corpus callosum, rostrum,ccr","['rostrum', 'ccr']",1,"[204, 204, 204]","[997, 1009, 983, 776, 979]",[]
484682516,"corpus callosum, body,ccb","['body', 'ccb']",1,"[204, 204, 204]","[997, 1009, 983, 776, 484682516]","[184527634, 691663206]"
986,"corpus callosum, splenium,ccs","['splenium', 'ccs']",1,"[204, 204, 204]","[997, 1009, 983, 776, 986]","[184527634, 691663206]"
784,"corticospinal tract,cst",['cst'],1,"[204, 204, 204]","[997, 1009, 983, 784]","[184527634, 691663206]"
6,"internal capsule,int",['int'],1,"[204, 204, 204]","[997, 1009, 983, 784, 6]","[184527634, 691663206]"
924,"cerebal peduncle,cpd",['cpd'],1,"[204, 204, 204]","[997, 1009, 983, 784, 924]","[184527634, 691663206]"
1036,"corticotectal tract,cte",['cte'],1,"[204, 204, 204]","[997, 1009, 983, 784, 1036]",[]
1012,"corticorubral tract,crt",['crt'],1,"[204, 204, 204]","[997, 1009, 983, 784, 1012]",[]
1003,"corticopontine tract,cpt",['cpt'],1,"[204, 204, 204]","[997, 1009, 983, 784, 1003]",[]
994,"corticobulbar tract,cbt",['cbt'],1,"[204, 204, 204]","[997, 1009, 983, 784, 994]",[]
190,"pyramid,py",['py'],1,"[204, 204, 204]","[997, 1009, 983, 784, 190]","[184527634, 691663206]"
198,"pyramidal decussation,pyd",['pyd'],1,"[204, 204, 204]","[997, 1009, 983, 784, 198]","[184527634, 691663206]"
1019,"corticospinal tract, crossed,cstc","['crossed', 'cstc']",1,"[204, 204, 204]","[997, 1009, 983, 784, 1019]",[]
1028,"corticospinal tract, uncrossed,cstu","['uncrossed', 'cstu']",1,"[204, 204, 204]","[997, 1009, 983, 784, 1028]",[]
896,"thalamus related,lfbst",['lfbst'],1,"[204, 204, 204]","[997, 1009, 983, 896]","[184527634, 691663206]"
1092,"external medullary lamina of the thalamus,em",['em'],1,"[204, 204, 204]","[997, 1009, 983, 896, 1092]","[184527634, 691663206]"
14,"internal medullary lamina of the thalamus,im",['im'],1,"[204, 204, 204]","[997, 1009, 983, 896, 14]",[184527634]
86,"middle thalamic commissure,mtc",['mtc'],1,"[204, 204, 204]","[997, 1009, 983, 896, 86]",[]
365,"thalamic peduncles,tp",['tp'],1,"[204, 204, 204]","[997, 1009, 983, 896, 365]",[]
484682520,"optic radiation,or",['or'],1,"[204, 204, 204]","[997, 1009, 983, 896, 484682520]","[184527634, 691663206]"
484682524,"auditory radiation,ar",['ar'],1,"[204, 204, 204]","[997, 1009, 983, 896, 484682524]","[184527634, 691663206]"
1000,"extrapyramidal fiber systems,eps",['eps'],1,"[204, 204, 204]","[997, 1009, 1000]","[184527634, 691663206]"
760,"cerebral nuclei related,epsc",['epsc'],1,"[204, 204, 204]","[997, 1009, 1000, 760]","[184527634, 691663206]"
142,"pallidothalamic pathway,pap",['pap'],1,"[204, 204, 204]","[997, 1009, 1000, 760, 142]",[]
102,"nigrostriatal tract,nst",['nst'],1,"[204, 204, 204]","[997, 1009, 1000, 760, 102]","[184527634, 691663206]"
109,"nigrothalamic fibers,ntt",['ntt'],1,"[204, 204, 204]","[997, 1009, 1000, 760, 109]",[]
134,"pallidotegmental fascicle,ptf",['ptf'],1,"[204, 204, 204]","[997, 1009, 1000, 760, 134]",[]
309,"striatonigral pathway,snp",['snp'],1,"[204, 204, 204]","[997, 1009, 1000, 760, 309]",[]
317,"subthalamic fascicle,stf",['stf'],1,"[204, 204, 204]","[997, 1009, 1000, 760, 317]",[]
877,"tectospinal pathway,tsp",['tsp'],1,"[204, 204, 204]","[997, 1009, 1000, 877]","[184527634, 691663206]"
1051,"direct tectospinal pathway,tspd",['tspd'],1,"[204, 204, 204]","[997, 1009, 1000, 877, 1051]","[184527634, 691663206]"
1060,"doral tegmental decussation,dtd",['dtd'],1,"[204, 204, 204]","[997, 1009, 1000, 877, 1060]","[184527634, 691663206]"
1043,"crossed tectospinal pathway,tspc",['tspc'],1,"[204, 204, 204]","[997, 1009, 1000, 877, 1043]","[184527634, 691663206]"
863,"rubrospinal tract,rust",['rust'],1,"[204, 204, 204]","[997, 1009, 1000, 863]","[184527634, 691663206]"
397,"ventral tegmental decussation,vtd",['vtd'],1,"[204, 204, 204]","[997, 1009, 1000, 863, 397]","[184527634, 691663206]"
221,"rubroreticular tract,rrt",['rrt'],1,"[204, 204, 204]","[997, 1009, 1000, 863, 221]",[]
736,"central tegmental bundle,ctb",['ctb'],1,"[204, 204, 204]","[997, 1009, 1000, 736]",[]
855,"retriculospinal tract,rst",['rst'],1,"[204, 204, 204]","[997, 1009, 1000, 855]",[]
205,"retriculospinal tract, lateral part,rstl","['lateral part', 'rstl']",1,"[204, 204, 204]","[997, 1009, 1000, 855, 205]",[]
213,"retriculospinal tract, medial part,rstm","['medial part', 'rstm']",1,"[204, 204, 204]","[997, 1009, 1000, 855, 213]",[]
941,"vestibulospinal pathway,vsp",['vsp'],1,"[204, 204, 204]","[997, 1009, 1000, 941]",[]
991,"medial forebrain bundle system,mfbs",['mfbs'],1,"[204, 204, 204]","[997, 1009, 991]","[184527634, 691663206]"
768,"cerebrum related,mfbc",['mfbc'],1,"[204, 204, 204]","[997, 1009, 991, 768]","[184527634, 691663206]"
884,"amygdalar capsule,amc",['amc'],1,"[204, 204, 204]","[997, 1009, 991, 768, 884]","[184527634, 691663206]"
892,"ansa peduncularis,apd",['apd'],1,"[204, 204, 204]","[997, 1009, 991, 768, 892]",[]
908,"anterior commissure, temporal limb,act","['temporal limb', 'act']",1,"[204, 204, 204]","[997, 1009, 991, 768, 908]","[184527634, 691663206]"
940,"cingulum bundle,cing",['cing'],1,"[204, 204, 204]","[997, 1009, 991, 768, 940]","[184527634, 691663206]"
1099,"fornix system,fxs",['fxs'],1,"[204, 204, 204]","[997, 1009, 991, 768, 1099]","[184527634, 691663206]"
466,"alveus,alv",['alv'],1,"[204, 204, 204]","[997, 1009, 991, 768, 1099, 466]","[184527634, 691663206]"
530,"dorsal fornix,df",['df'],1,"[204, 204, 204]","[997, 1009, 991, 768, 1099, 530]","[184527634, 691663206]"
603,"fimbria,fi",['fi'],1,"[204, 204, 204]","[997, 1009, 991, 768, 1099, 603]","[184527634, 691663206]"
745,"precommissural fornix, general,fxprg","['general', 'fxprg']",1,"[204, 204, 204]","[997, 1009, 991, 768, 1099, 745]",[]
420,"precommissural fornix diagonal band,db",['db'],1,"[204, 204, 204]","[997, 1009, 991, 768, 1099, 745, 420]",[]
737,"postcommissural fornix,fxpo",['fxpo'],1,"[204, 204, 204]","[997, 1009, 991, 768, 1099, 737]","[184527634, 691663206]"
428,"medial corticohypothalamic tract,mct",['mct'],1,"[204, 204, 204]","[997, 1009, 991, 768, 1099, 737, 428]","[184527634, 691663206]"
436,"columns of the fornix,fx",['fx'],1,"[204, 204, 204]","[997, 1009, 991, 768, 1099, 737, 436]","[184527634, 691663206]"
618,"hippocampal commissures,hc",['hc'],1,"[204, 204, 204]","[997, 1009, 991, 768, 1099, 618]","[184527634, 691663206]"
443,"dorsal hippocampal commissure,dhc",['dhc'],1,"[204, 204, 204]","[997, 1009, 991, 768, 1099, 618, 443]","[184527634, 691663206]"
449,"ventral hippocampal commissure,vhc",['vhc'],1,"[204, 204, 204]","[997, 1009, 991, 768, 1099, 618, 449]","[184527634, 691663206]"
713,"perforant path,per",['per'],1,"[204, 204, 204]","[997, 1009, 991, 768, 1099, 713]",[]
474,"angular path,ab",['ab'],1,"[204, 204, 204]","[997, 1009, 991, 768, 1099, 474]",[]
37,"longitudinal association bundle,lab",['lab'],1,"[204, 204, 204]","[997, 1009, 991, 768, 37]",[]
301,"stria terminalis,st",['st'],1,"[204, 204, 204]","[997, 1009, 991, 768, 301]","[184527634, 691663206]"
484682528,"commissural branch of stria terminalis,stc",['stc'],1,"[204, 204, 204]","[997, 1009, 991, 768, 301, 484682528]","[184527634, 691663206]"
824,"hypothalamus related,mfsbshy",['mfsbshy'],1,"[204, 204, 204]","[997, 1009, 991, 824]","[184527634, 691663206]"
54,"medial forebrain bundle,mfb",['mfb'],1,"[204, 204, 204]","[997, 1009, 991, 824, 54]","[184527634, 691663206]"
405,"ventrolateral hypothalamic tract,vlt",['vlt'],1,"[204, 204, 204]","[997, 1009, 991, 824, 405]",[]
174,"preoptic commissure,poc",['poc'],1,"[204, 204, 204]","[997, 1009, 991, 824, 174]",[]
349,"supraoptic commissures,sup",['sup'],1,"[204, 204, 204]","[997, 1009, 991, 824, 349]","[184527634, 691663206]"
817,"supraoptic commissures, anterior,supa","['anterior', 'supa']",1,"[204, 204, 204]","[997, 1009, 991, 824, 349, 817]",[]
825,"supraoptic commissures, dorsal,supd","['dorsal', 'supd']",1,"[204, 204, 204]","[997, 1009, 991, 824, 349, 825]",[]
833,"supraoptic commissures, ventral,supv","['ventral', 'supv']",1,"[204, 204, 204]","[997, 1009, 991, 824, 349, 833]",[]
166,"premammillary commissure,pmx",['pmx'],1,"[204, 204, 204]","[997, 1009, 991, 824, 166]",[]
341,"supramammillary decussation,smd",['smd'],1,"[204, 204, 204]","[997, 1009, 991, 824, 341]",[184527634]
182,"propriohypothalamic pathways,php",['php'],1,"[204, 204, 204]","[997, 1009, 991, 824, 182]",[]
762,"propriohypothalamic pathways, dorsal,phpd","['dorsal', 'phpd']",1,"[204, 204, 204]","[997, 1009, 991, 824, 182, 762]",[]
770,"propriohypothalamic pathways, lateral,phpl","['lateral', 'phpl']",1,"[204, 204, 204]","[997, 1009, 991, 824, 182, 770]",[]
779,"propriohypothalamic pathways, medial,phpm","['medial', 'phpm']",1,"[204, 204, 204]","[997, 1009, 991, 824, 182, 779]",[]
787,"propriohypothalamic pathways, ventral,phpv","['ventral', 'phpv']",1,"[204, 204, 204]","[997, 1009, 991, 824, 182, 787]",[]
150,"periventricular bundle of the hypothalamus,pvbh",['pvbh'],1,"[204, 204, 204]","[997, 1009, 991, 824, 150]",[]
46,"mammillary related,mfbsma",['mfbsma'],1,"[204, 204, 204]","[997, 1009, 991, 824, 46]","[184527634, 691663206]"
753,"principal mammillary tract,pm",['pm'],1,"[204, 204, 204]","[997, 1009, 991, 824, 46, 753]","[184527634, 691663206]"
690,"mammillothalamic tract,mtt",['mtt'],1,"[204, 204, 204]","[997, 1009, 991, 824, 46, 690]","[184527634, 691663206]"
681,"mammillotegmental tract,mtg",['mtg'],1,"[204, 204, 204]","[997, 1009, 991, 824, 46, 681]","[184527634, 691663206]"
673,"mammillary peduncle,mp",['mp'],1,"[204, 204, 204]","[997, 1009, 991, 824, 46, 673]","[184527634, 691663206]"
1068,"dorsal thalamus related,mfbst",['mfbst'],1,"[204, 204, 204]","[997, 1009, 991, 824, 1068]",[]
722,"periventricular bundle of the thalamus,pvbt",['pvbt'],1,"[204, 204, 204]","[997, 1009, 991, 824, 1068, 722]",[]
1083,"epithalamus related,mfbse",['mfbse'],1,"[204, 204, 204]","[997, 1009, 991, 824, 1083]","[184527634, 691663206]"
802,"stria medullaris,sm",['sm'],1,"[204, 204, 204]","[997, 1009, 991, 824, 1083, 802]","[184527634, 691663206]"
595,"fasciculus retroflexus,fr",['fr'],1,"[204, 204, 204]","[997, 1009, 991, 824, 1083, 595]","[184527634, 691663206]"
611,"habenular commissure,hbc",['hbc'],1,"[204, 204, 204]","[997, 1009, 991, 824, 1083, 611]","[184527634, 691663206]"
730,"pineal stalk,PIS",['PIS'],1,"[204, 204, 204]","[997, 1009, 991, 824, 1083, 730]",[]
70,"midbrain related,mfbsm",['mfbsm'],1,"[204, 204, 204]","[997, 1009, 991, 824, 70]",[]
547,"dorsal longitudinal fascicle,dlf",['dlf'],1,"[204, 204, 204]","[997, 1009, 991, 824, 70, 547]",[]
563,"dorsal tegmental tract,dtt",['dtt'],1,"[204, 204, 204]","[997, 1009, 991, 824, 70, 563]",[]
73,"ventricular systems,VS",['VS'],1,"[170, 170, 170]","[997, 73]",[691663206]
81,"lateral ventricle,VL",['VL'],1,"[170, 170, 170]","[997, 73, 81]",[691663206]
89,"rhinocele,RC",['RC'],1,"[170, 170, 170]","[997, 73, 81, 89]",[]
98,"subependymal zone,SEZ",['SEZ'],1,"[170, 170, 170]","[997, 73, 81, 98]","[10, 184527634, 691663206]"
108,"choroid plexus,chpl",['chpl'],1,"[170, 170, 170]","[997, 73, 81, 108]","[10, 184527634, 691663206]"
116,"choroid fissure,chfl",['chfl'],1,"[170, 170, 170]","[997, 73, 81, 116]",[]
124,"interventricular foramen,IVF",['IVF'],1,"[170, 170, 170]","[997, 73, 124]",[]
129,"third ventricle,V3",['V3'],1,"[170, 170, 170]","[997, 73, 129]","[10, 691663206]"
140,"cerebral aqueduct,AQ",['AQ'],1,"[170, 170, 170]","[997, 73, 140]",[691663206]
145,"fourth ventricle,V4",['V4'],1,"[170, 170, 170]","[997, 73, 145]",[691663206]
153,"lateral recess,V4r",['V4r'],1,"[170, 170, 170]","[997, 73, 145, 153]",[691663206]
164,"central canal, spinal cord/medulla,c","['spinal cord/medulla', 'c']",1,"[170, 170, 170]","[997, 73, 164]",[691663206]
1024,"grooves,grv",['grv'],1,"[170, 170, 170]","[997, 1024]",[]
1032,"grooves of the cerebral cortex,grv of CTX",['grv of CTX'],1,"[170, 170, 170]","[997, 1024, 1032]",[]
1055,"endorhinal groove,eg",['eg'],1,"[170, 170, 170]","[997, 1024, 1032, 1055]",[]
1063,"hippocampal fissure,hf",['hf'],1,"[170, 170, 170]","[997, 1024, 1032, 1063]",[]
1071,"rhinal fissure,rf",['rf'],1,"[170, 170, 170]","[997, 1024, 1032, 1071]",[]
1078,"rhinal incisure,ri",['ri'],1,"[170, 170, 170]","[997, 1024, 1032, 1078]",[]
1040,"grooves of the cerebellar cortex,grv of CBX",['grv of CBX'],1,"[170, 170, 170]","[997, 1024, 1040]",[]
1087,"precentral fissure,pce",['pce'],1,"[170, 170, 170]","[997, 1024, 1040, 1087]",[]
1095,"preculminate fissure,pcf",['pcf'],1,"[170, 170, 170]","[997, 1024, 1040, 1095]",[]
1103,"primary fissure,pri",['pri'],1,"[170, 170, 170]","[997, 1024, 1040, 1103]",[]
1112,"posterior superior fissure,psf",['psf'],1,"[170, 170, 170]","[997, 1024, 1040, 1112]",[]
1119,"prepyramidal fissure,ppf",['ppf'],1,"[170, 170, 170]","[997, 1024, 1040, 1119]",[]
3,"secondary fissure,sec",['sec'],1,"[170, 170, 170]","[997, 1024, 1040, 3]",[]
11,"posterolateral fissure,plf",['plf'],1,"[170, 170, 170]","[997, 1024, 1040, 11]",[]
18,"nodular fissure,nf",['nf'],1,"[170, 170, 170]","[997, 1024, 1040, 18]",[]
25,"simple fissure,sif",['sif'],1,"[170, 170, 170]","[997, 1024, 1040, 25]",[]
34,"intercrural fissure,icf",['icf'],1,"[170, 170, 170]","[997, 1024, 1040, 34]",[]
43,"ansoparamedian fissure,apf",['apf'],1,"[170, 170, 170]","[997, 1024, 1040, 43]",[]
49,"intraparafloccular fissure,ipf",['ipf'],1,"[170, 170, 170]","[997, 1024, 1040, 49]",[]
57,"paramedian sulcus,pms",['pms'],1,"[170, 170, 170]","[997, 1024, 1040, 57]",[]
65,"parafloccular sulcus,pfs",['pfs'],1,"[170, 170, 170]","[997, 1024, 1040, 65]",[]
624,"Interpeduncular fossa,IPF",['IPF'],1,"[170, 170, 170]","[997, 1024, 624]",[]
304325711,"retina,retina",['retina'],1,"[127, 46, 126]","[997, 304325711]","[114512891, 112905828]"
